waferMap,dieSize,lotName,waferIndex
[[0 0 0 0 0 0 0 0 0 0 1 2 2 2 2 1 0 0 0 0 0 0 0 0 0 0]  [0 0 0 0 0 0 0 2 1 1 1 1 1 1 1 1 1 2 1 0 0 0 0 0 0 0]  [0 0 0 0 0 0 2 1 1 1 1 1 1 1 1 1 1 1 1 1 0 0 0 0 0 0]  [0 0 0 0 1 1 1 1 1 1 1 1 2 1 2 2 1 1 2 2 1 2 0 0 0 0]  [0 0 0 1 1 1 1 2 1 1 1 1 1 1 2 1 1 1 2 1 1 1 1 0 0 0]  [0 0 2 1 1 2 1 1 1 1 2 2 2 1 1 1 1 1 1 1 1 1 2 1 0 0]  [0 0 1 1 2 1 1 1 1 1 1 1 2 1 1 1 1 1 1 1 2 1 1 2 0 0]  [0 1 1 2 1 1 1 1 1 1 1 1 1 1 1 2 1 1 1 1 1 1 1 1 1 0]  [0 1 1 1 1 1 1 1 1 1 1 1 1 2 1 1 1 1 2 1 1 1 1 1 1 0]  [1 1 2 1 1 1 1 1 1 1 2 1 1 1 1 1 1 1 1 1 1 1 1 1 1 1]  [2 1 1 1 1 1 1 1 1 1 1 1 1 1 1 1 1 1 1 1 1 1 1 1 2 1]  [1 1 1 1 1 1 1 1 1 1 1 1 1 1 1 1 1 1 1 2 1 1 1 2 2 2]  [2 1 1 1 1 1 1 2 1 1 1 1 2 2 1 1 1 1 1 1 1 1 1 1 1 1]  [2 1 1 1 1 1 1 1 2 1 1 2 1 2 1 1 1 1 1 2 2 1 2 1 1 1]  [1 2 1 1 1 1 1 1 1 1 1 2 1 1 2 1 1 1 1 2 2 1 1 1 1 1]  [2 2 2 1 1 2 1 1 1 1 1 1 1 1 1 1 1 1 1 1 1 1 1 1 2 1]  [1 1 1 1 2 1 1 1 2 1 1 1 1 1 2 2 1 1 1 1 1 1 1 1 1 1]  [0 1 2 1 1 1 1 1 1 1 1 1 2 1 1 1 1 1 1 1 1 1 1 1 1 0]  [0 1 1 1 1 1 1 1 1 1 1 1 1 1 2 1 2 1 1 1 1 1 1 2 1 0]  [0 0 1 1 1 2 2 1 2 1 1 1 1 1 1 1 1 1 1 1 1 1 1 1 0 0]  [0 0 1 1 1 1 1 1 2 1 1 2 1 1 1 1 1 1 1 1 1 1 1 2 0 0]  [0 0 0 2 1 2 2 1 1 1 1 1 1 2 1 1 1 2 1 1 1 1 1 0 0 0]  [0 0 0 0 2 2 1 1 1 1 1 2 1 1 1 1 1 1 1 1 1 1 0 0 0 0]  [0 0 0 0 0 1 1 1 1 1 1 1 1 2 1 1 1 2 1 2 0 0 0 0 0 0]  [0 0 0 0 0 0 0 1 1 1 1 1 1 1 1 1 1 1 2 0 0 0 0 0 0 0]  [0 0 0 0 0 0 0 0 0 0 1 1 1 1 1 2 0 0 0 0 0 0 0 0 0 0]],533.0,lot40328,1.0
[[0 0 0 0 0 0 0 0 0 0 1 2 1 1 1 2 0 0 0 0 0 0 0 0 0 0]  [0 0 0 0 0 0 0 1 1 1 2 1 2 1 1 1 2 2 1 0 0 0 0 0 0 0]  [0 0 0 0 0 0 1 1 1 1 1 1 2 1 1 1 1 2 1 1 0 0 0 0 0 0]  [0 0 0 0 2 1 1 1 1 2 1 1 1 1 2 2 1 1 1 1 1 1 0 0 0 0]  [0 0 0 2 1 1 1 1 1 1 1 2 1 1 1 1 1 1 2 2 1 1 1 0 0 0]  [0 0 1 1 1 1 1 1 1 1 1 1 1 2 1 1 1 1 1 1 1 1 2 2 0 0]  [0 0 1 1 1 1 1 1 1 1 1 1 1 2 1 1 1 1 1 1 1 2 1 1 0 0]  [0 2 1 2 1 1 2 1 2 1 1 1 1 1 1 1 2 1 1 1 1 1 1 1 1 0]  [0 1 1 1 1 2 1 2 1 1 1 1 2 1 1 2 2 1 1 1 1 2 2 1 1 0]  [1 1 2 2 1 1 2 1 1 1 1 1 1 1 1 1 1 1 1 1 1 1 1 1 2 1]  [1 2 2 1 1 1 1 2 1 1 1 2 1 2 1 1 1 1 1 1 1 1 1 2 1 1]  [1 2 1 1 1 1 1 1 2 2 1 1 2 1 1 1 1 1 1 1 1 1 2 1 1 1]  [2 1 1 1 1 1 1 1 2 1 1 1 2 1 2 2 1 1 1 1 1 1 1 1 2 1]  [2 1 1 1 1 1 1 2 1 1 1 1 1 2 1 1 1 1 1 1 1 1 1 1 1 1]  [2 1 2 1 1 1 1 1 1 1 1 1 2 1 2 2 1 1 1 1 1 1 1 1 1 2]  [2 2 1 1 1 1 1 2 1 1 1 1 1 2 1 2 1 1 1 1 1 2 1 1 1 2]  [2 2 2 1 1 1 1 2 1 1 2 2 1 2 1 1 1 1 1 1 1 1 1 1 2 2]  [0 1 1 1 1 1 1 1 1 2 2 2 1 1 2 1 1 1 1 1 1 1 1 1 1 0]  [0 1 1 1 1 1 1 1 1 1 1 1 1 1 2 2 1 2 1 2 1 1 1 1 1 0]  [0 0 2 1 2 1 1 1 1 1 1 1 1 1 1 1 2 1 1 1 1 1 1 1 0 0]  [0 0 2 1 1 1 1 1 1 1 1 1 1 2 1 1 1 2 1 1 1 1 1 2 0 0]  [0 0 0 2 2 2 1 1 1 1 1 1 2 1 2 1 1 1 1 1 1 2 2 0 0 0]  [0 0 0 0 2 1 1 1 2 2 1 2 2 1 2 1 1 2 1 1 2 2 0 0 0 0]  [0 0 0 0 0 2 2 2 2 1 1 1 1 1 2 2 2 1 2 2 0 0 0 0 0 0]  [0 0 0 0 0 0 0 2 1 2 1 1 2 1 1 1 1 2 2 0 0 0 0 0 0 0]  [0 0 0 0 0 0 0 0 0 0 1 2 1 1 2 1 0 0 0 0 0 0 0 0 0 0]],533.0,lot40328,2.0
[[0 0 0 0 0 0 0 0 0 0 1 2 2 2 2 2 0 0 0 0 0 0 0 0 0 0]  [0 0 0 0 0 0 0 2 2 1 1 1 1 1 1 2 1 1 2 0 0 0 0 0 0 0]  [0 0 0 0 0 0 1 1 1 1 1 1 1 1 2 1 1 1 1 1 0 0 0 0 0 0]  [0 0 0 0 1 1 2 1 1 1 1 1 1 1 1 1 2 2 1 2 2 2 0 0 0 0]  [0 0 0 1 1 1 1 1 1 1 2 1 1 1 1 1 1 1 1 1 1 1 1 0 0 0]  [0 0 1 1 1 1 1 1 1 1 1 1 1 1 2 1 1 1 2 1 1 2 2 2 0 0]  [0 0 1 1 1 1 1 1 1 1 1 1 2 1 2 1 1 2 1 1 2 1 2 1 0 0]  [0 1 1 1 1 1 2 1 1 1 1 1 1 1 1 1 1 1 2 1 1 1 1 1 1 0]  [0 1 1 1 1 2 2 1 2 1 1 1 2 2 1 1 2 1 2 1 1 1 1 1 1 0]  [1 1 1 1 1 2 2 2 1 1 1 1 1 1 1 1 1 1 1 1 1 1 2 1 1 2]  [1 1 2 1 1 1 1 1 1 1 1 1 1 1 1 2 1 1 2 2 2 1 1 1 1 1]  [2 1 1 1 1 1 1 1 1 2 1 2 1 1 1 1 1 1 1 1 1 1 1 2 1 1]  [1 1 1 1 1 1 1 1 2 1 1 1 2 1 2 1 1 1 1 1 1 1 1 2 1 1]  [1 1 1 1 1 1 1 1 1 1 2 1 1 1 1 1 1 1 1 1 1 1 2 1 1 1]  [1 1 1 1 1 1 1 1 2 1 1 1 2 1 1 1 2 1 1 1 1 1 2 1 1 2]  [1 1 1 1 1 2 1 1 1 1 1 1 1 1 1 1 1 2 1 1 1 1 1 1 1 1]  [1 1 2 1 1 1 1 1 1 1 1 1 1 1 1 1 1 1 1 1 1 1 1 1 1 2]  [0 1 1 1 1 1 1 1 2 1 1 1 1 2 2 1 1 1 1 1 1 1 1 1 1 0]  [0 2 1 1 1 1 2 2 1 1 1 1 1 1 2 1 1 1 1 2 1 1 1 1 1 0]  [0 0 1 1 2 1 1 1 1 1 1 1 1 1 1 2 1 1 1 1 1 1 2 1 0 0]  [0 0 2 1 2 1 1 1 2 1 1 1 1 1 1 1 1 1 1 2 2 1 1 2 0 0]  [0 0 0 1 1 1 1 1 2 1 1 1 1 1 1 1 1 1 2 2 1 1 1 0 0 0]  [0 0 0 0 2 1 1 2 1 1 1 1 1 2 2 1 2 1 1 1 1 2 0 0 0 0]  [0 0 0 0 0 1 2 1 1 2 2 1 1 2 1 1 1 2 1 2 0 0 0 0 0 0]  [0 0 0 0 0 0 0 2 1 1 2 1 1 1 2 2 2 1 2 0 0 0 0 0 0 0]  [0 0 0 0 0 0 0 0 0 0 1 2 2 2 1 2 0 0 0 0 0 0 0 0 0 0]],533.0,lot40328,3.0
[[0 0 0 0 0 0 0 0 0 0 2 1 1 1 2 2 0 0 0 0 0 0 0 0 0 0]  [0 0 0 0 0 0 0 1 1 1 2 2 2 1 1 2 1 1 1 0 0 0 0 0 0 0]  [0 0 0 0 0 0 1 1 1 2 1 1 1 2 1 1 2 1 1 1 0 0 0 0 0 0]  [0 0 0 0 2 1 1 1 1 1 2 1 1 1 1 1 1 1 1 1 1 1 0 0 0 0]  [0 0 0 1 1 1 1 2 1 1 2 2 1 2 1 1 1 1 1 1 1 2 1 0 0 0]  [0 0 2 1 2 1 1 1 1 2 1 1 1 1 1 1 2 1 1 2 1 1 1 2 0 0]  [0 0 1 1 1 1 1 1 1 2 1 1 1 1 1 1 1 1 1 1 1 1 2 2 0 0]  [0 1 1 1 1 1 1 1 1 1 1 1 1 1 1 1 1 1 2 1 1 1 1 1 1 0]  [0 1 2 1 1 1 1 1 1 2 2 1 1 1 1 2 1 1 1 1 1 1 1 2 1 0]  [2 1 1 1 1 1 1 1 1 1 1 1 1 1 1 2 2 1 1 1 1 1 1 1 1 1]  [2 1 1 2 1 1 1 1 1 1 1 1 1 1 1 2 1 1 1 1 1 1 1 1 1 2]  [1 2 1 1 1 1 1 1 1 1 1 1 1 1 2 2 1 1 1 1 2 2 1 1 1 1]  [2 1 1 1 1 1 1 1 1 1 1 1 1 1 1 1 1 2 1 1 1 1 1 1 1 2]  [1 1 2 1 1 1 1 1 1 1 1 1 2 1 1 1 2 1 1 1 1 1 1 1 1 1]  [1 1 1 1 1 1 1 2 1 1 1 2 1 2 1 1 1 1 1 2 1 2 1 1 1 1]  [1 1 1 1 1 2 2 2 1 1 1 1 2 1 1 1 1 1 2 1 1 1 1 1 1 1]  [1 1 2 1 1 1 1 2 1 1 1 1 1 1 1 1 1 1 1 1 1 1 1 1 2 1]  [0 1 1 1 1 1 1 1 2 1 1 1 1 2 2 1 1 1 1 1 1 1 1 1 1 0]  [0 1 1 1 1 1 1 1 1 1 1 1 1 2 1 1 1 1 1 1 2 1 1 1 2 0]  [0 0 2 1 2 1 1 1 1 1 1 1 1 1 2 1 2 1 1 2 1 2 1 1 0 0]  [0 0 2 1 1 1 1 2 1 1 1 2 1 2 1 2 1 1 1 1 2 2 1 2 0 0]  [0 0 0 1 1 1 1 1 1 1 1 1 1 1 1 2 2 2 2 1 1 1 2 0 0 0]  [0 0 0 0 1 1 1 2 1 2 1 1 1 1 1 2 2 1 1 1 1 2 0 0 0 0]  [0 0 0 0 0 2 1 1 1 2 1 1 2 1 2 1 1 2 2 1 0 0 0 0 0 0]  [0 0 0 0 0 0 0 2 1 1 1 1 1 1 1 1 1 2 2 0 0 0 0 0 0 0]  [0 0 0 0 0 0 0 0 0 0 1 2 2 2 2 2 0 0 0 0 0 0 0 0 0 0]],533.0,lot40328,4.0
[[0 0 0 0 0 0 0 0 0 0 2 2 1 1 1 2 0 0 0 0 0 0 0 0 0 0]  [0 0 0 0 0 0 0 2 1 1 1 1 1 1 1 1 1 1 1 0 0 0 0 0 0 0]  [0 0 0 0 0 0 1 1 1 2 1 1 1 2 1 1 2 1 1 1 0 0 0 0 0 0]  [0 0 0 0 1 1 1 1 1 1 1 1 1 1 1 1 1 1 1 1 1 1 0 0 0 0]  [0 0 0 1 1 1 1 1 1 2 2 1 1 1 1 2 1 1 2 2 1 1 2 0 0 0]  [0 0 2 1 1 1 1 1 1 2 1 1 1 1 1 1 1 1 2 2 1 2 1 1 0 0]  [0 0 1 1 1 1 1 1 1 1 1 1 1 1 1 1 1 1 1 1 1 1 1 1 0 0]  [0 1 1 1 1 1 1 1 1 1 1 1 1 1 1 2 1 1 1 1 1 1 1 1 1 0]  [0 2 1 1 2 2 1 2 1 2 2 2 1 1 1 1 1 1 2 1 1 1 1 1 1 0]  [2 2 2 1 1 1 1 1 1 1 1 1 1 1 1 1 1 1 1 1 1 2 1 1 1 1]  [1 2 1 2 1 2 1 2 1 2 1 1 1 2 1 1 1 1 1 1 1 1 1 1 1 1]  [1 1 1 1 1 1 2 1 1 1 1 1 2 1 2 2 1 1 1 1 2 2 1 1 1 2]  [1 1 1 1 1 1 1 1 1 1 1 1 2 2 1 1 1 1 1 1 1 2 1 1 1 1]  [1 1 1 1 1 1 1 1 1 1 1 1 1 1 1 1 1 1 1 1 1 1 1 1 1 1]  [1 1 1 1 1 1 1 1 2 1 1 1 1 2 1 1 2 1 1 1 1 1 1 1 1 1]  [1 1 1 1 1 1 2 1 1 1 1 1 1 1 1 2 1 1 1 1 1 1 1 1 1 1]  [1 1 2 1 1 1 1 1 2 1 1 2 1 1 1 1 1 1 1 1 1 1 1 2 2 2]  [0 1 1 1 1 1 1 1 1 1 1 1 1 2 1 1 1 1 1 1 1 1 1 1 1 0]  [0 1 1 1 1 1 1 1 1 1 1 2 1 1 1 1 1 1 1 1 1 1 1 1 1 0]  [0 0 1 1 1 1 1 2 1 1 2 1 1 1 1 1 1 1 1 1 2 1 1 1 0 0]  [0 0 2 2 1 1 1 1 1 1 1 1 1 2 1 1 1 1 1 1 1 1 1 1 0 0]  [0 0 0 2 1 1 1 2 1 1 2 1 1 1 1 1 1 1 2 1 1 1 1 0 0 0]  [0 0 0 0 2 1 1 1 1 1 1 1 2 1 1 1 1 2 1 1 1 1 0 0 0 0]  [0 0 0 0 0 2 1 1 1 1 1 1 1 1 1 1 1 2 1 1 0 0 0 0 0 0]  [0 0 0 0 0 0 0 2 1 1 1 1 1 1 1 1 1 1 2 0 0 0 0 0 0 0]  [0 0 0 0 0 0 0 0 0 0 1 1 2 2 1 1 0 0 0 0 0 0 0 0 0 0]],533.0,lot40328,5.0
[[0 0 0 0 0 0 0 0 0 0 1 1 2 1 1 2 0 0 0 0 0 0 0 0 0 0]  [0 0 0 0 0 0 0 1 1 2 1 1 2 1 1 1 1 1 1 0 0 0 0 0 0 0]  [0 0 0 0 0 0 1 1 1 1 1 1 2 1 1 1 2 1 1 1 0 0 0 0 0 0]  [0 0 0 0 1 2 1 2 2 1 1 1 1 1 1 1 1 1 1 1 1 1 0 0 0 0]  [0 0 0 1 1 1 1 1 1 1 1 1 1 2 1 1 1 1 1 1 1 2 1 0 0 0]  [0 0 1 1 1 1 2 1 1 2 1 1 1 1 2 1 1 1 1 2 1 1 1 1 0 0]  [0 0 2 1 1 1 1 1 1 1 1 1 1 1 1 1 1 1 1 1 1 2 1 1 0 0]  [0 1 1 1 1 1 1 1 1 1 1 1 1 1 1 1 1 1 1 1 1 1 1 1 1 0]  [0 1 1 2 1 1 1 1 1 1 1 1 2 1 1 1 1 1 1 1 1 1 1 1 1 0]  [1 1 1 2 2 1 1 1 1 2 1 1 1 1 1 1 1 1 2 1 1 1 1 1 2 2]  [1 2 1 1 1 1 1 1 1 1 1 2 1 1 1 1 1 1 1 1 1 2 1 1 1 1]  [1 1 1 1 1 1 1 1 1 1 1 1 2 1 1 2 1 1 2 1 1 1 1 1 1 1]  [1 1 1 1 1 1 1 1 1 1 1 1 1 1 1 1 1 1 1 1 2 1 1 1 1 1]  [1 2 1 1 1 1 1 1 1 1 2 1 2 1 1 2 1 2 1 1 1 1 1 1 2 2]  [1 2 1 1 1 1 1 1 1 1 1 1 1 2 1 1 1 2 1 1 1 1 1 2 1 1]  [1 1 1 1 1 1 1 1 1 1 1 1 1 1 1 1 1 1 2 1 1 1 1 2 1 1]  [1 1 1 1 1 1 1 1 1 1 2 1 1 1 1 2 1 1 1 1 1 1 1 1 1 1]  [0 1 2 1 1 1 1 1 2 2 1 1 1 1 1 1 1 1 1 1 1 1 1 1 1 0]  [0 1 1 2 1 1 1 1 1 1 1 2 1 1 1 1 1 1 1 1 1 1 1 2 2 0]  [0 0 1 2 2 1 1 1 1 1 1 1 1 1 1 1 1 1 1 1 1 1 1 2 0 0]  [0 0 2 1 1 1 1 2 1 1 1 2 1 1 1 1 1 1 1 1 1 1 1 2 0 0]  [0 0 0 1 1 1 1 1 1 1 1 1 1 1 1 1 1 1 1 1 1 1 2 0 0 0]  [0 0 0 0 2 1 2 1 1 2 1 1 2 1 1 2 1 1 1 1 1 1 0 0 0 0]  [0 0 0 0 0 2 1 1 1 1 2 1 1 1 1 1 1 2 1 1 0 0 0 0 0 0]  [0 0 0 0 0 0 0 1 2 1 1 2 1 1 1 1 1 1 1 0 0 0 0 0 0 0]  [0 0 0 0 0 0 0 0 0 0 1 1 1 1 1 2 0 0 0 0 0 0 0 0 0 0]],533.0,lot40328,6.0
[[0 0 0 0 0 0 0 0 0 0 2 2 1 1 1 2 0 0 0 0 0 0 0 0 0 0]  [0 0 0 0 0 0 0 2 1 1 1 1 1 1 1 2 1 1 2 0 0 0 0 0 0 0]  [0 0 0 0 0 0 1 2 1 1 2 2 1 1 1 1 1 1 2 1 0 0 0 0 0 0]  [0 0 0 0 1 2 1 2 2 2 1 1 1 1 1 1 1 1 1 2 1 1 0 0 0 0]  [0 0 0 2 1 1 1 2 2 1 2 1 2 1 1 1 1 1 2 1 1 1 1 0 0 0]  [0 0 1 1 1 2 1 1 1 1 1 2 2 1 1 1 1 1 1 2 1 1 2 1 0 0]  [0 0 1 1 1 1 1 1 1 1 1 1 1 1 1 1 2 1 1 1 1 1 2 1 0 0]  [0 1 1 1 1 1 2 2 1 1 1 1 1 1 1 1 1 1 1 1 1 1 1 1 1 0]  [0 1 2 1 1 1 1 1 1 1 1 1 2 1 1 1 1 1 1 1 1 2 1 1 1 0]  [1 1 1 2 1 1 2 1 1 2 1 1 1 1 2 1 1 1 1 1 1 1 1 2 1 2]  [1 1 1 1 1 1 1 1 1 1 1 1 1 1 1 1 1 1 1 1 1 1 1 1 2 1]  [1 1 1 1 1 2 1 1 1 1 1 2 1 1 1 1 1 1 2 1 1 1 1 1 1 1]  [1 1 1 1 1 1 1 2 1 1 1 1 1 2 1 2 1 1 2 1 1 1 1 1 2 1]  [1 1 2 1 1 1 1 1 1 1 1 1 1 1 1 1 1 1 1 1 1 1 1 2 1 1]  [2 1 1 1 2 1 1 1 2 2 2 1 1 1 1 1 2 1 2 1 1 1 1 1 1 1]  [1 2 1 1 1 1 1 2 1 1 1 1 1 2 1 1 1 1 1 2 1 1 1 1 1 1]  [1 1 1 1 1 2 1 1 1 2 1 1 1 1 1 1 1 2 1 1 1 1 1 1 1 1]  [0 1 1 2 1 1 1 1 1 1 1 1 2 1 1 1 1 1 1 1 1 1 1 1 1 0]  [0 2 1 1 2 2 1 1 1 1 1 1 1 1 2 1 1 1 1 1 2 1 1 2 1 0]  [0 0 1 2 1 1 2 1 1 1 1 1 1 1 1 1 1 1 1 1 1 2 2 2 0 0]  [0 0 2 1 2 1 2 2 1 1 1 1 1 1 1 1 2 1 1 1 2 2 1 1 0 0]  [0 0 0 1 1 1 1 1 1 1 1 2 2 2 1 1 1 2 2 1 1 1 2 0 0 0]  [0 0 0 0 2 1 1 2 1 1 1 1 1 1 1 1 2 1 2 2 1 2 0 0 0 0]  [0 0 0 0 0 1 2 1 1 1 2 2 2 1 1 1 1 2 1 2 0 0 0 0 0 0]  [0 0 0 0 0 0 0 1 1 1 1 1 1 1 1 1 1 1 2 0 0 0 0 0 0 0]  [0 0 0 0 0 0 0 0 0 0 2 1 1 2 2 2 0 0 0 0 0 0 0 0 0 0]],533.0,lot40328,7.0
[[0 0 0 0 0 0 0 0 0 0 1 1 1 1 1 2 0 0 0 0 0 0 0 0 0 0]  [0 0 0 0 0 0 0 1 1 1 1 1 1 1 1 1 1 1 1 0 0 0 0 0 0 0]  [0 0 0 0 0 0 1 1 1 2 1 1 2 1 1 1 1 1 2 1 0 0 0 0 0 0]  [0 0 0 0 1 1 1 1 2 1 1 1 1 1 1 1 1 1 1 1 1 2 0 0 0 0]  [0 0 0 1 1 1 1 1 1 1 1 1 1 1 1 1 1 2 1 1 1 1 1 0 0 0]  [0 0 1 1 1 1 1 1 2 1 1 1 1 1 2 1 2 1 1 1 1 1 2 1 0 0]  [0 0 1 1 1 1 1 1 1 1 1 1 1 1 1 1 1 1 1 1 1 1 1 1 0 0]  [0 1 1 1 2 1 1 1 1 1 1 1 1 1 1 1 1 1 2 1 1 2 1 1 2 0]  [0 1 1 1 1 1 1 1 1 1 1 1 1 1 1 1 1 2 1 1 1 1 1 1 1 0]  [2 2 2 1 2 1 1 1 1 1 1 1 1 1 1 1 1 2 1 1 1 2 2 1 2 2]  [1 1 1 1 2 1 1 1 1 1 1 1 1 2 1 1 2 1 1 1 1 1 2 1 1 1]  [2 1 1 1 2 1 2 1 1 1 1 1 1 2 2 1 1 2 1 1 1 1 1 1 1 1]  [2 1 1 1 1 1 1 1 2 1 2 2 2 1 1 1 1 2 1 1 1 1 1 1 2 1]  [2 1 1 1 1 1 1 1 1 1 1 1 2 1 2 2 1 1 1 1 1 1 1 1 1 1]  [1 1 1 1 1 1 1 1 1 1 1 1 1 2 1 1 1 1 1 1 2 1 1 1 1 1]  [1 1 1 1 1 2 1 1 2 1 1 2 1 2 1 1 1 1 1 1 1 1 1 1 1 2]  [1 1 1 1 1 2 2 1 1 1 1 1 1 2 1 1 1 1 1 1 1 2 1 1 1 1]  [0 1 1 2 2 1 1 1 1 2 1 1 1 1 1 2 1 1 1 1 1 1 1 2 1 0]  [0 1 1 1 1 1 1 1 1 1 1 1 1 1 1 1 1 1 1 1 1 1 1 1 1 0]  [0 0 1 1 1 1 1 1 1 1 1 1 1 1 1 1 2 1 1 1 1 1 1 2 0 0]  [0 0 1 1 1 1 1 1 1 1 1 1 1 1 2 1 1 1 2 1 1 1 2 1 0 0]  [0 0 0 2 2 1 1 1 1 1 1 1 1 1 1 1 1 1 1 2 1 1 1 0 0 0]  [0 0 0 0 1 1 1 1 1 1 1 2 1 1 1 1 1 1 2 1 1 2 0 0 0 0]  [0 0 0 0 0 2 1 1 1 1 1 1 1 1 1 1 1 1 1 1 0 0 0 0 0 0]  [0 0 0 0 0 0 0 1 2 1 2 1 1 1 1 1 1 1 1 0 0 0 0 0 0 0]  [0 0 0 0 0 0 0 0 0 0 2 2 1 2 1 1 0 0 0 0 0 0 0 0 0 0]],533.0,lot40328,8.0
[[0 0 0 0 0 0 0 0 0 0 1 1 1 2 1 2 0 0 0 0 0 0 0 0 0 0]  [0 0 0 0 0 0 0 1 1 1 1 1 1 1 1 1 1 2 1 0 0 0 0 0 0 0]  [0 0 0 0 0 0 1 2 1 1 1 2 1 1 1 1 2 1 1 1 0 0 0 0 0 0]  [0 0 0 0 1 1 1 1 1 1 1 1 1 1 1 1 1 2 1 1 1 2 0 0 0 0]  [0 0 0 1 1 1 2 1 1 1 1 1 1 2 1 1 1 1 2 1 2 1 2 0 0 0]  [0 0 2 2 1 1 2 1 1 1 1 1 1 1 1 1 1 1 1 1 2 1 1 1 0 0]  [0 0 1 1 1 1 2 1 1 1 2 2 1 2 1 1 1 1 1 1 1 1 1 1 0 0]  [0 1 2 2 1 1 1 1 1 1 1 1 2 1 1 1 1 1 1 1 1 1 1 1 1 0]  [0 1 1 1 1 1 2 1 1 1 2 1 1 1 1 1 1 1 1 1 1 1 1 1 1 0]  [1 1 1 2 1 1 1 1 1 2 1 1 1 1 1 1 1 1 1 1 1 1 1 1 2 2]  [1 1 1 1 1 1 1 2 2 1 1 1 1 1 1 2 1 1 1 1 1 1 1 1 1 1]  [1 1 1 1 1 1 1 1 1 1 1 1 1 2 1 2 2 1 1 1 2 1 2 1 1 1]  [1 1 1 2 1 1 1 1 1 1 1 1 1 1 1 1 1 1 1 2 1 1 1 2 1 1]  [2 1 1 1 1 1 1 1 1 1 1 1 1 1 1 2 1 1 1 1 1 1 1 1 1 2]  [2 1 1 1 1 2 1 1 2 1 1 1 1 1 1 1 1 1 1 2 1 1 1 1 2 1]  [1 1 1 1 2 1 1 1 1 1 1 1 1 1 1 1 1 1 1 1 2 1 1 1 2 1]  [1 1 1 1 1 1 1 1 1 1 1 1 1 2 2 1 1 1 1 1 1 1 1 1 1 2]  [0 2 1 1 1 1 1 1 1 1 1 1 1 1 1 1 1 1 2 1 2 1 1 1 1 0]  [0 1 1 1 1 1 1 1 2 1 1 1 2 1 1 1 1 1 1 1 1 1 1 1 1 0]  [0 0 2 1 1 2 1 2 1 1 1 1 2 1 1 1 1 1 1 1 1 1 1 1 0 0]  [0 0 1 1 1 1 1 1 1 1 1 1 1 1 1 1 1 1 1 1 1 1 2 1 0 0]  [0 0 0 1 2 2 1 1 1 1 1 1 2 1 2 1 2 1 1 1 1 1 1 0 0 0]  [0 0 0 0 1 1 1 1 1 1 1 1 1 1 1 1 1 2 2 1 1 1 0 0 0 0]  [0 0 0 0 0 1 2 1 2 1 2 1 1 1 1 1 2 1 1 1 0 0 0 0 0 0]  [0 0 0 0 0 0 0 1 1 1 1 1 1 1 1 1 2 1 2 0 0 0 0 0 0 0]  [0 0 0 0 0 0 0 0 0 0 1 2 1 1 2 2 0 0 0 0 0 0 0 0 0 0]],533.0,lot40328,9.0
[[0 0 0 0 0 0 0 0 0 0 2 2 2 2 1 1 0 0 0 0 0 0 0 0 0 0]  [0 0 0 0 0 0 0 1 1 1 1 1 1 1 1 1 1 1 1 0 0 0 0 0 0 0]  [0 0 0 0 0 0 2 1 1 1 2 1 1 1 1 1 2 2 2 1 0 0 0 0 0 0]  [0 0 0 0 1 2 1 2 1 1 1 1 1 1 1 1 1 1 1 1 1 2 0 0 0 0]  [0 0 0 2 1 1 2 1 1 1 1 1 1 1 1 1 1 1 1 1 1 1 2 0 0 0]  [0 0 1 1 1 1 1 2 1 1 1 1 1 1 1 2 2 1 1 1 1 1 1 2 0 0]  [0 0 1 2 1 1 1 1 1 1 1 1 1 1 2 1 1 1 1 2 1 1 2 1 0 0]  [0 1 1 1 2 1 1 1 1 1 2 1 1 1 1 1 1 1 1 1 1 1 1 1 1 0]  [0 1 1 1 1 1 1 1 2 1 1 1 1 1 1 1 1 2 1 2 1 1 1 1 1 0]  [1 1 1 2 1 1 1 1 2 1 2 2 1 1 1 1 1 1 1 1 1 1 1 1 1 2]  [2 1 1 1 1 1 1 1 1 1 2 1 1 1 2 1 1 1 1 1 1 1 1 1 1 1]  [2 1 1 2 1 1 2 1 1 1 1 1 1 1 1 1 2 1 1 1 1 1 2 2 1 1]  [1 1 1 1 1 2 1 1 1 1 1 1 1 1 1 2 1 1 1 1 1 1 1 1 1 2]  [1 1 1 1 1 1 1 2 1 1 1 1 1 1 1 1 1 1 1 1 1 1 1 1 2 1]  [1 1 1 1 1 1 1 1 1 1 2 2 1 1 1 1 1 1 1 2 1 1 1 2 1 1]  [2 1 1 1 1 1 1 2 1 1 1 1 1 1 1 1 1 1 1 1 2 2 1 1 1 2]  [1 1 1 1 2 1 2 1 1 1 1 1 1 1 1 1 1 1 1 2 1 1 2 1 1 1]  [0 1 1 1 2 1 1 1 2 1 1 1 1 1 1 1 1 1 2 1 1 1 1 1 1 0]  [0 2 1 1 1 1 1 2 1 2 1 1 1 1 1 2 1 1 1 1 2 1 1 1 2 0]  [0 0 1 1 1 1 1 1 1 1 2 1 1 1 1 1 1 1 1 1 1 1 1 1 0 0]  [0 0 1 1 1 2 1 1 2 1 2 1 1 1 1 2 1 1 1 1 1 1 1 1 0 0]  [0 0 0 1 2 1 1 1 1 2 1 1 1 1 1 1 1 1 1 1 1 1 1 0 0 0]  [0 0 0 0 2 1 1 1 1 1 1 1 1 1 1 1 1 1 1 1 1 1 0 0 0 0]  [0 0 0 0 0 1 2 1 1 1 1 1 1 2 2 1 2 1 1 1 0 0 0 0 0 0]  [0 0 0 0 0 0 0 2 1 1 1 1 1 1 2 1 2 1 1 0 0 0 0 0 0 0]  [0 0 0 0 0 0 0 0 0 0 1 1 1 2 1 1 0 0 0 0 0 0 0 0 0 0]],533.0,lot40328,10.0
[[0 0 0 0 0 0 0 0 0 0 2 1 1 2 2 2 0 0 0 0 0 0 0 0 0 0]  [0 0 0 0 0 0 0 2 1 1 2 1 1 1 1 1 1 2 1 0 0 0 0 0 0 0]  [0 0 0 0 0 0 1 1 1 1 1 1 1 1 1 1 1 1 1 1 0 0 0 0 0 0]  [0 0 0 0 1 1 1 1 1 1 1 1 1 1 2 1 1 1 1 1 2 1 0 0 0 0]  [0 0 0 2 1 1 1 1 1 2 1 1 1 1 1 1 1 1 1 1 1 2 2 0 0 0]  [0 0 2 1 1 1 1 1 2 2 1 2 1 1 1 1 1 1 2 1 1 2 1 2 0 0]  [0 0 1 1 1 1 1 1 1 1 1 2 1 2 1 1 1 1 1 1 1 1 1 1 0 0]  [0 1 1 1 1 1 2 1 1 1 1 1 2 1 1 1 1 1 1 1 1 1 1 1 1 0]  [0 1 1 1 2 1 1 1 1 1 1 1 2 1 1 2 1 1 1 1 1 1 1 1 1 0]  [1 2 1 1 1 1 1 1 1 2 1 1 1 1 1 1 1 1 1 1 1 1 1 1 2 1]  [1 1 1 1 1 1 1 1 1 1 1 1 2 1 1 1 2 1 1 1 1 1 1 1 1 2]  [1 1 1 1 1 1 1 2 1 1 1 1 1 2 1 1 1 1 1 1 1 1 1 1 2 1]  [1 1 1 1 1 2 1 2 1 1 1 1 1 1 1 1 1 1 1 1 1 1 1 1 2 2]  [1 1 1 1 1 2 1 1 1 1 1 1 1 2 2 1 1 1 1 1 1 2 1 2 1 1]  [1 1 1 1 2 1 1 1 1 2 1 2 1 1 1 1 1 1 2 1 1 1 1 1 1 1]  [1 1 1 1 1 2 1 1 1 1 1 1 1 1 1 2 1 1 1 1 1 1 2 2 1 1]  [1 1 1 1 1 1 1 1 1 1 1 1 1 1 1 1 1 1 1 1 1 1 1 1 1 2]  [0 1 1 2 1 1 1 1 1 1 2 1 1 1 1 1 1 1 1 1 1 1 1 1 1 0]  [0 1 1 1 1 1 2 1 1 1 1 1 1 1 1 1 1 1 1 1 1 1 1 2 1 0]  [0 0 1 2 1 1 1 1 1 1 1 1 1 1 1 1 1 2 1 1 1 2 1 1 0 0]  [0 0 1 1 2 1 1 1 1 1 1 2 1 1 1 1 1 2 1 2 1 1 1 1 0 0]  [0 0 0 2 1 2 1 1 1 1 1 1 1 1 2 1 1 2 1 1 2 1 1 0 0 0]  [0 0 0 0 1 1 1 1 2 1 1 2 1 1 1 1 1 1 1 1 1 2 0 0 0 0]  [0 0 0 0 0 2 1 1 1 1 2 2 1 1 1 1 1 1 1 1 0 0 0 0 0 0]  [0 0 0 0 0 0 0 2 1 1 1 1 1 1 1 1 2 1 2 0 0 0 0 0 0 0]  [0 0 0 0 0 0 0 0 0 0 1 1 2 1 1 1 0 0 0 0 0 0 0 0 0 0]],533.0,lot40328,11.0
[[0 0 0 0 0 0 0 0 0 0 2 1 1 2 2 2 0 0 0 0 0 0 0 0 0 0]  [0 0 0 0 0 0 0 2 2 1 2 1 1 1 1 1 1 1 2 0 0 0 0 0 0 0]  [0 0 0 0 0 0 1 1 1 2 1 1 2 1 1 1 1 1 1 1 0 0 0 0 0 0]  [0 0 0 0 1 1 1 2 1 1 1 1 1 1 1 1 1 1 2 1 1 2 0 0 0 0]  [0 0 0 1 1 1 1 1 2 1 1 1 1 1 2 1 1 1 1 1 1 1 1 0 0 0]  [0 0 2 1 1 2 1 2 1 1 1 1 1 1 1 1 1 1 2 1 1 2 1 1 0 0]  [0 0 1 1 1 1 1 1 1 1 1 2 1 1 1 1 1 1 1 1 2 1 1 1 0 0]  [0 1 2 1 1 2 2 1 1 1 1 1 2 1 1 1 1 1 1 1 1 1 2 1 1 0]  [0 1 1 1 1 1 1 1 1 1 1 1 2 1 1 1 1 1 1 1 1 1 1 1 1 0]  [2 1 2 1 1 1 1 1 1 1 1 2 1 1 1 1 1 1 1 1 1 1 1 1 2 2]  [1 1 1 1 1 1 1 1 1 1 1 2 1 1 2 1 1 1 1 2 1 1 2 1 1 2]  [1 1 1 1 1 2 1 1 2 2 1 1 1 1 1 2 2 2 1 1 1 2 1 1 1 2]  [1 1 1 1 2 1 1 1 2 2 2 1 1 1 2 1 1 1 1 2 1 1 1 1 1 1]  [2 1 1 1 1 1 1 2 2 2 2 2 1 2 1 1 1 1 1 1 1 1 1 1 1 2]  [1 1 1 1 1 1 1 1 1 1 2 2 2 1 2 1 1 1 1 1 1 1 1 1 1 1]  [1 1 1 1 1 1 2 1 2 2 1 2 1 1 2 1 2 1 1 1 2 1 1 1 1 1]  [2 1 1 1 2 1 1 1 1 1 1 2 1 1 1 1 2 1 1 1 1 2 1 1 1 1]  [0 1 1 1 1 2 1 2 1 1 1 1 1 1 1 2 1 1 1 1 1 1 1 1 1 0]  [0 2 1 1 1 1 1 1 1 1 1 1 1 1 1 1 2 1 1 1 1 1 1 1 2 0]  [0 0 1 1 1 1 1 1 2 1 1 2 1 2 1 1 2 2 1 1 1 1 2 1 0 0]  [0 0 2 1 1 1 2 1 1 1 1 1 1 1 1 1 1 1 2 1 1 1 1 2 0 0]  [0 0 0 2 1 1 1 1 1 1 1 1 1 1 1 1 1 1 1 1 1 1 1 0 0 0]  [0 0 0 0 2 1 1 1 1 1 1 1 1 1 1 1 1 1 1 1 1 2 0 0 0 0]  [0 0 0 0 0 2 1 1 1 1 1 1 1 2 1 2 1 1 1 1 0 0 0 0 0 0]  [0 0 0 0 0 0 0 1 1 1 1 1 1 1 1 1 1 2 1 0 0 0 0 0 0 0]  [0 0 0 0 0 0 0 0 0 0 2 1 2 2 2 2 0 0 0 0 0 0 0 0 0 0]],533.0,lot40328,12.0
[[0 0 0 0 0 0 0 0 0 0 1 2 1 1 2 1 0 0 0 0 0 0 0 0 0 0]  [0 0 0 0 0 0 0 2 1 2 1 1 1 2 1 1 1 1 1 0 0 0 0 0 0 0]  [0 0 0 0 0 0 2 1 2 1 1 1 1 2 1 1 1 1 1 2 0 0 0 0 0 0]  [0 0 0 0 1 1 1 1 1 1 1 1 1 1 1 1 1 2 1 2 2 1 0 0 0 0]  [0 0 0 1 1 1 2 1 1 1 2 1 1 1 2 1 1 1 1 2 1 1 1 0 0 0]  [0 0 2 1 1 1 1 1 2 1 1 1 1 1 1 1 1 1 1 1 1 2 1 2 0 0]  [0 0 1 1 1 1 1 1 1 1 1 1 1 1 1 1 1 1 1 1 1 1 1 1 0 0]  [0 1 1 1 1 1 1 2 1 1 1 1 1 1 1 2 1 1 1 1 1 1 1 1 2 0]  [0 1 1 1 2 1 1 1 2 1 2 1 1 1 1 1 1 1 1 1 1 2 1 1 1 0]  [1 1 1 1 1 1 1 1 2 2 1 1 1 1 1 1 1 1 1 1 1 1 1 2 1 2]  [1 1 1 1 1 2 1 1 1 1 1 1 1 1 1 1 2 1 1 1 1 1 1 1 1 2]  [1 1 1 1 1 1 1 1 1 1 1 1 1 1 1 2 1 1 1 1 1 2 1 2 2 2]  [1 1 1 1 1 1 1 2 2 1 1 1 1 1 1 2 1 1 1 1 1 1 1 1 1 1]  [1 1 1 1 2 1 1 1 1 1 1 1 2 1 1 1 1 2 1 1 1 1 1 1 1 1]  [2 1 1 1 1 1 1 1 2 1 1 1 1 1 2 1 1 1 1 1 1 1 1 1 1 1]  [1 1 2 1 1 1 1 1 2 1 1 1 1 1 1 1 1 1 1 1 1 1 1 1 1 1]  [2 1 1 1 1 1 1 1 1 1 1 1 1 2 1 1 1 1 2 1 1 1 1 1 1 2]  [0 1 1 1 2 1 2 1 1 1 1 2 1 1 1 1 1 1 1 1 1 1 2 2 2 0]  [0 2 1 1 1 1 2 1 1 1 1 1 2 1 2 1 1 1 1 1 1 1 1 1 1 0]  [0 0 1 1 1 1 1 1 1 2 1 1 1 1 1 1 1 1 1 1 2 1 1 1 0 0]  [0 0 2 1 2 1 1 1 1 2 1 1 1 1 1 1 1 1 1 1 2 1 1 1 0 0]  [0 0 0 1 1 2 1 1 2 2 2 1 1 1 1 1 1 1 2 1 2 1 2 0 0 0]  [0 0 0 0 2 1 1 1 1 2 1 1 1 1 1 1 1 1 1 1 1 1 0 0 0 0]  [0 0 0 0 0 1 2 2 1 1 1 2 1 1 1 1 1 1 1 1 0 0 0 0 0 0]  [0 0 0 0 0 0 0 2 1 1 1 1 2 2 1 1 1 1 1 0 0 0 0 0 0 0]  [0 0 0 0 0 0 0 0 0 0 1 2 2 2 1 2 0 0 0 0 0 0 0 0 0 0]],533.0,lot40328,13.0
[[0 0 0 0 0 0 0 0 0 0 2 1 1 1 1 1 0 0 0 0 0 0 0 0 0 0]  [0 0 0 0 0 0 0 1 1 1 1 1 1 1 1 1 1 2 1 0 0 0 0 0 0 0]  [0 0 0 0 0 0 1 1 2 1 1 2 1 1 1 1 1 1 1 2 0 0 0 0 0 0]  [0 0 0 0 2 1 1 1 2 1 1 1 1 2 1 2 1 2 1 1 1 1 0 0 0 0]  [0 0 0 1 1 1 1 1 1 1 2 2 1 1 1 1 1 1 1 1 1 1 1 0 0 0]  [0 0 1 1 1 1 1 1 1 2 2 1 1 1 1 1 1 1 1 1 1 2 1 1 0 0]  [0 0 1 1 1 2 1 1 1 2 1 1 1 1 1 2 1 1 1 1 1 2 1 2 0 0]  [0 1 2 2 1 1 1 1 1 2 1 1 1 1 1 1 1 1 1 1 1 1 2 1 1 0]  [0 1 1 2 1 2 1 1 1 1 1 2 1 1 1 1 1 1 1 2 1 1 1 1 1 0]  [1 1 1 1 1 1 1 1 1 1 1 2 1 1 1 1 1 1 1 2 1 1 1 2 1 1]  [1 1 1 1 1 1 1 1 1 1 2 1 1 1 1 1 1 1 1 1 1 1 1 1 1 1]  [1 1 1 1 1 1 1 1 1 1 1 1 2 1 1 1 1 1 1 1 1 1 2 1 2 1]  [1 1 2 1 1 1 1 1 1 1 1 1 2 1 1 2 1 1 1 1 1 1 1 1 1 1]  [1 1 1 1 1 1 1 1 1 2 1 1 2 1 2 1 1 2 1 2 1 1 1 1 1 1]  [1 1 2 1 1 1 1 1 1 1 1 1 2 1 2 1 1 1 1 1 1 1 1 1 1 1]  [1 1 1 1 1 1 1 1 1 1 1 1 1 1 1 2 1 1 1 1 1 1 1 1 2 1]  [1 2 1 1 1 1 2 1 1 1 1 1 1 1 1 1 1 1 1 1 1 1 1 1 1 1]  [0 1 1 1 1 1 1 1 1 1 2 1 1 1 1 1 1 2 1 2 1 1 1 1 1 0]  [0 1 2 1 1 1 1 1 1 1 1 1 1 1 1 1 1 1 1 1 2 1 1 2 2 0]  [0 0 1 1 1 2 1 1 1 2 1 1 1 1 1 1 1 1 1 1 2 2 2 1 0 0]  [0 0 1 2 1 1 1 1 1 1 1 1 2 1 1 1 1 1 2 2 1 1 1 2 0 0]  [0 0 0 1 1 1 1 1 1 1 2 1 1 1 1 1 1 1 1 1 2 2 1 0 0 0]  [0 0 0 0 2 1 1 1 1 1 1 2 1 1 1 1 1 1 1 1 2 2 0 0 0 0]  [0 0 0 0 0 1 2 1 1 1 1 1 1 1 2 1 1 1 1 1 0 0 0 0 0 0]  [0 0 0 0 0 0 0 1 1 1 2 1 1 1 1 1 2 1 2 0 0 0 0 0 0 0]  [0 0 0 0 0 0 0 0 0 0 1 1 1 1 1 2 0 0 0 0 0 0 0 0 0 0]],533.0,lot40328,14.0
[[0 0 0 0 0 0 0 0 0 0 2 2 1 2 1 2 0 0 0 0 0 0 0 0 0 0]  [0 0 0 0 0 0 0 2 1 1 1 1 2 1 1 1 1 1 1 0 0 0 0 0 0 0]  [0 0 0 0 0 0 1 1 2 1 1 1 1 1 1 1 1 2 1 1 0 0 0 0 0 0]  [0 0 0 0 2 2 2 1 1 2 1 1 1 1 1 1 1 1 1 1 1 1 0 0 0 0]  [0 0 0 2 2 1 1 1 2 1 2 1 1 1 1 1 1 1 1 1 2 1 1 0 0 0]  [0 0 1 1 2 1 1 1 1 1 2 1 1 1 1 2 1 1 1 2 1 1 1 1 0 0]  [0 0 1 1 1 1 1 1 1 1 1 1 1 1 2 1 1 1 1 1 1 1 1 1 0 0]  [0 1 2 1 1 1 1 1 1 1 1 2 1 1 1 1 1 1 2 1 1 1 2 1 1 0]  [0 1 2 1 2 1 1 1 1 1 1 1 1 1 1 1 2 1 1 1 1 1 1 1 1 0]  [2 2 1 1 2 1 1 1 1 1 1 1 1 1 1 1 1 1 1 1 1 1 1 1 2 1]  [2 1 1 1 1 1 2 1 1 1 1 1 1 1 1 2 1 1 1 1 1 1 1 1 1 1]  [1 2 1 1 1 1 1 1 1 1 2 2 1 1 2 1 1 1 1 2 1 1 1 1 1 1]  [1 2 1 1 1 2 1 1 1 1 1 1 1 1 2 1 2 1 2 2 1 1 1 1 1 1]  [1 1 1 1 1 2 1 1 1 1 1 1 1 1 1 2 2 1 1 1 1 1 1 1 1 2]  [1 1 1 1 1 1 1 1 2 1 1 1 1 1 1 1 1 1 1 1 1 1 2 1 1 2]  [2 1 1 1 2 1 1 1 1 1 1 2 1 1 1 1 1 1 2 1 2 1 1 1 1 1]  [1 1 1 2 1 1 1 1 1 1 1 2 1 2 1 1 2 1 1 1 1 2 1 1 1 2]  [0 1 1 1 1 1 1 1 1 1 1 1 1 1 1 1 1 2 2 1 2 1 1 1 1 0]  [0 2 1 1 1 1 2 1 1 1 1 2 1 1 1 1 1 2 2 2 1 1 1 2 1 0]  [0 0 2 1 1 1 1 1 1 1 1 1 1 1 1 1 1 1 1 1 1 1 1 2 0 0]  [0 0 1 1 1 1 1 1 2 1 1 1 1 1 1 1 1 1 1 1 1 1 1 2 0 0]  [0 0 0 1 2 1 1 1 2 1 1 1 1 1 1 2 1 1 1 1 1 2 1 0 0 0]  [0 0 0 0 2 1 1 1 1 1 1 1 1 1 1 2 1 1 1 1 1 1 0 0 0 0]  [0 0 0 0 0 2 1 1 1 1 1 1 1 1 1 1 1 1 1 2 0 0 0 0 0 0]  [0 0 0 0 0 0 0 1 1 1 1 1 1 2 1 1 1 1 1 0 0 0 0 0 0 0]  [0 0 0 0 0 0 0 0 0 0 1 1 2 2 1 1 0 0 0 0 0 0 0 0 0 0]],533.0,lot40328,15.0
[[0 0 0 0 0 0 0 0 0 0 2 1 1 2 2 1 0 0 0 0 0 0 0 0 0 0]  [0 0 0 0 0 0 0 2 2 2 1 1 1 1 1 1 2 1 1 0 0 0 0 0 0 0]  [0 0 0 0 0 0 1 1 1 2 1 1 2 1 1 2 2 1 1 1 0 0 0 0 0 0]  [0 0 0 0 1 2 1 2 1 1 2 1 1 1 1 1 1 2 1 2 1 1 0 0 0 0]  [0 0 0 1 2 1 1 1 1 1 1 1 2 2 1 1 2 1 1 1 2 1 1 0 0 0]  [0 0 1 1 1 1 1 2 1 1 1 1 1 1 1 1 1 1 1 1 1 1 2 2 0 0]  [0 0 1 1 1 1 1 2 1 2 1 1 1 1 1 2 1 2 1 1 1 1 1 1 0 0]  [0 2 1 1 1 1 1 2 2 2 1 1 1 1 1 1 2 2 1 1 1 2 2 1 1 0]  [0 1 1 1 1 1 1 1 2 1 1 2 1 1 1 1 1 1 1 1 1 1 1 1 1 0]  [1 1 1 1 1 1 1 2 1 1 1 1 1 1 1 2 1 2 1 1 1 1 1 1 1 2]  [1 1 2 1 2 1 1 1 2 1 1 1 2 1 1 1 1 1 1 1 2 1 1 1 1 1]  [1 1 1 1 2 2 1 1 1 1 1 2 2 1 2 1 2 2 1 1 1 1 2 2 1 1]  [1 1 1 1 1 1 1 2 1 2 2 1 1 1 1 1 2 1 1 2 2 1 1 1 1 2]  [1 1 1 1 1 1 1 2 1 1 1 2 2 1 2 1 1 1 1 1 1 1 1 1 1 1]  [2 1 1 1 1 1 1 1 2 1 1 2 2 1 2 1 1 1 1 2 1 1 1 1 1 1]  [1 1 1 1 1 1 1 1 1 1 2 2 1 1 1 2 1 1 1 1 1 1 1 1 1 1]  [1 2 1 1 1 1 1 1 2 1 1 1 1 1 1 2 1 1 1 1 1 2 1 1 1 1]  [0 1 2 1 2 1 1 1 1 1 2 1 1 1 1 1 1 1 1 1 1 1 2 1 1 0]  [0 2 1 1 1 1 1 1 1 1 1 2 1 1 2 2 1 1 2 1 1 1 1 2 1 0]  [0 0 1 2 2 1 1 1 1 1 1 1 2 1 1 1 1 2 1 1 2 1 1 2 0 0]  [0 0 2 1 1 1 1 1 1 2 1 1 1 1 1 1 1 1 1 1 1 1 1 1 0 0]  [0 0 0 2 2 1 2 1 1 1 1 1 1 1 1 1 1 1 1 1 1 1 2 0 0 0]  [0 0 0 0 1 1 1 1 2 1 1 1 1 1 1 1 1 1 1 1 1 1 0 0 0 0]  [0 0 0 0 0 1 1 1 1 2 1 2 1 1 1 1 1 1 1 1 0 0 0 0 0 0]  [0 0 0 0 0 0 0 2 1 1 1 1 1 2 1 1 1 1 2 0 0 0 0 0 0 0]  [0 0 0 0 0 0 0 0 0 0 1 1 1 1 1 2 0 0 0 0 0 0 0 0 0 0]],533.0,lot40328,16.0
[[0 0 0 0 0 0 0 0 0 0 1 1 2 1 1 1 0 0 0 0 0 0 0 0 0 0]  [0 0 0 0 0 0 0 1 1 1 1 2 1 1 1 1 1 1 1 0 0 0 0 0 0 0]  [0 0 0 0 0 0 2 2 1 1 1 1 1 1 1 1 2 1 2 1 0 0 0 0 0 0]  [0 0 0 0 2 1 2 1 1 1 1 2 1 1 1 1 2 1 1 1 1 2 0 0 0 0]  [0 0 0 1 2 1 1 1 1 1 1 1 1 1 1 1 1 1 2 1 1 1 2 0 0 0]  [0 0 1 1 1 1 2 1 1 1 1 1 1 1 1 1 1 1 1 1 1 1 1 2 0 0]  [0 0 1 1 2 1 1 1 1 1 1 1 1 2 1 1 1 1 1 1 1 1 1 1 0 0]  [0 1 2 1 1 1 1 2 1 1 1 1 1 1 1 1 1 1 1 2 1 1 2 1 2 0]  [0 1 1 2 1 1 1 2 1 1 1 1 1 1 1 1 1 1 1 1 1 1 1 1 1 0]  [1 1 2 1 1 1 1 1 1 1 1 1 1 1 1 1 1 1 1 1 1 1 1 1 1 1]  [1 2 2 1 1 1 1 1 1 2 1 1 1 1 1 1 1 1 1 1 1 1 1 2 1 1]  [1 1 1 2 2 2 1 1 1 1 1 1 1 1 1 2 1 1 1 1 1 1 1 1 1 1]  [1 1 1 1 1 1 1 2 1 1 1 1 1 1 1 1 1 1 1 1 1 1 1 1 1 1]  [1 1 1 1 1 1 1 1 2 1 1 1 1 2 2 2 1 1 1 1 1 1 1 1 1 1]  [1 1 1 1 1 1 1 1 1 1 1 1 1 2 2 1 1 1 1 1 1 1 2 1 2 2]  [1 1 1 1 1 1 1 1 1 2 1 1 1 1 1 2 1 1 1 1 1 1 1 1 1 2]  [1 1 1 2 1 1 1 1 1 1 1 1 1 1 2 1 2 2 1 1 1 2 1 1 1 1]  [0 1 1 1 1 2 1 1 1 1 1 1 1 1 1 1 1 1 1 1 1 1 1 1 1 0]  [0 2 1 1 1 2 1 1 1 1 2 1 1 1 1 2 1 1 1 1 1 1 1 1 1 0]  [0 0 1 1 2 1 1 1 1 2 1 2 1 1 1 1 1 1 1 2 1 1 1 1 0 0]  [0 0 2 1 1 2 1 1 1 1 2 1 1 2 1 1 1 2 1 1 1 1 1 1 0 0]  [0 0 0 2 1 1 1 1 1 1 1 1 1 2 2 1 1 1 1 1 1 2 1 0 0 0]  [0 0 0 0 2 2 1 1 1 1 1 2 1 1 1 1 1 2 1 1 1 2 0 0 0 0]  [0 0 0 0 0 1 1 1 1 1 1 1 1 1 1 1 1 1 1 1 0 0 0 0 0 0]  [0 0 0 0 0 0 0 2 1 1 2 1 1 1 1 1 1 2 2 0 0 0 0 0 0 0]  [0 0 0 0 0 0 0 0 0 0 2 1 2 1 1 1 0 0 0 0 0 0 0 0 0 0]],533.0,lot40328,17.0
[[0 0 0 0 0 0 0 0 0 0 2 2 2 1 1 1 0 0 0 0 0 0 0 0 0 0]  [0 0 0 0 0 0 0 1 1 2 1 1 1 1 1 1 1 1 2 0 0 0 0 0 0 0]  [0 0 0 0 0 0 1 1 1 1 1 1 2 1 2 1 2 2 1 2 0 0 0 0 0 0]  [0 0 0 0 2 1 1 1 1 1 1 1 1 2 1 1 1 1 1 1 1 2 0 0 0 0]  [0 0 0 1 2 1 2 1 2 1 1 1 1 2 1 1 1 1 1 2 1 1 2 0 0 0]  [0 0 1 1 1 1 1 1 1 1 1 1 1 2 1 1 1 2 2 1 1 2 1 1 0 0]  [0 0 2 1 1 2 1 1 1 1 1 1 1 1 1 2 1 1 1 2 1 1 2 2 0 0]  [0 1 1 1 2 1 1 1 1 1 1 1 1 1 1 1 1 1 1 1 1 1 1 2 1 0]  [0 2 1 1 1 1 1 1 1 1 2 1 1 1 1 1 2 1 1 1 1 1 1 1 1 0]  [2 1 1 1 1 1 1 1 1 1 1 1 1 1 1 1 2 1 1 1 1 1 1 1 2 1]  [2 2 2 1 2 2 1 1 1 1 1 1 1 2 1 1 1 1 1 1 2 1 1 1 1 1]  [2 2 1 1 1 1 2 1 1 1 1 1 1 1 1 2 1 1 1 1 2 1 1 1 2 2]  [1 1 1 1 1 2 1 1 1 1 1 1 2 1 2 1 1 1 2 1 1 1 2 1 1 1]  [1 1 1 2 1 1 1 1 1 2 2 1 1 1 2 1 1 2 1 1 2 1 1 1 1 1]  [1 2 1 1 1 1 1 1 1 1 1 2 1 2 1 1 1 1 1 1 1 1 1 1 1 2]  [1 1 1 1 1 1 1 1 2 1 1 1 1 1 1 1 2 1 1 1 1 1 1 1 1 2]  [1 2 1 2 1 1 1 1 1 1 1 1 2 2 1 1 2 1 1 1 1 2 1 1 1 1]  [0 1 1 1 1 1 1 1 1 1 1 1 1 1 1 1 1 1 1 1 1 1 1 1 2 0]  [0 2 1 1 1 1 1 1 1 1 1 1 1 1 1 1 2 1 2 2 1 1 1 1 2 0]  [0 0 1 1 1 1 1 1 1 2 1 1 2 2 1 1 1 1 1 1 1 2 1 1 0 0]  [0 0 1 1 1 1 1 1 1 1 1 1 1 2 1 1 1 1 1 1 2 1 2 1 0 0]  [0 0 0 1 1 1 1 1 1 1 1 1 1 1 2 1 1 1 1 1 1 1 2 0 0 0]  [0 0 0 0 1 1 1 1 1 1 1 1 1 2 2 1 1 1 2 1 2 2 0 0 0 0]  [0 0 0 0 0 2 1 1 1 1 2 1 1 1 1 2 2 2 1 2 0 0 0 0 0 0]  [0 0 0 0 0 0 0 2 1 1 1 1 1 1 1 1 2 2 1 0 0 0 0 0 0 0]  [0 0 0 0 0 0 0 0 0 0 1 1 1 1 2 1 0 0 0 0 0 0 0 0 0 0]],533.0,lot40328,18.0
[[0 0 0 0 0 0 0 0 0 0 1 2 2 1 1 2 0 0 0 0 0 0 0 0 0 0]  [0 0 0 0 0 0 0 1 1 1 1 1 1 1 1 1 1 1 2 0 0 0 0 0 0 0]  [0 0 0 0 0 0 2 1 2 1 1 1 1 1 1 1 1 1 1 1 0 0 0 0 0 0]  [0 0 0 0 2 1 1 1 1 1 1 1 1 1 1 1 1 2 2 1 1 1 0 0 0 0]  [0 0 0 2 1 1 1 1 1 2 1 1 1 1 1 1 1 1 1 1 2 2 1 0 0 0]  [0 0 1 2 2 1 1 1 1 2 1 1 2 2 1 1 2 1 2 1 1 2 1 1 0 0]  [0 0 1 2 2 1 1 1 1 1 1 1 1 1 1 1 1 1 1 1 1 1 1 1 0 0]  [0 1 1 1 1 1 1 1 1 1 1 1 1 1 1 1 1 1 1 1 2 1 1 1 2 0]  [0 2 1 1 1 1 1 1 1 1 1 1 1 1 1 1 2 1 1 1 1 1 1 1 1 0]  [1 1 1 1 1 1 1 1 2 1 1 1 1 1 2 1 1 1 1 1 1 1 2 1 1 2]  [1 1 1 1 1 1 1 1 1 1 1 1 1 1 1 2 2 1 1 1 1 1 1 1 1 1]  [1 1 1 1 1 1 1 2 1 2 1 1 1 1 1 1 1 1 1 1 1 1 2 1 1 1]  [1 2 1 1 2 1 1 1 2 1 1 1 2 1 2 2 1 1 1 1 1 1 1 1 1 1]  [1 1 1 1 1 1 1 1 1 2 1 1 1 1 2 1 1 1 1 1 1 1 1 1 1 1]  [1 1 1 2 1 1 2 2 1 1 1 1 1 2 1 1 1 1 1 1 1 1 1 1 1 1]  [1 1 1 1 2 1 1 1 1 1 1 1 1 1 1 1 1 1 1 1 1 1 1 1 1 1]  [1 1 2 1 2 1 2 1 1 1 1 1 1 1 2 1 1 1 1 1 1 1 1 1 1 1]  [0 2 1 1 1 1 1 1 1 1 1 2 1 1 2 1 1 1 2 1 1 1 1 2 2 0]  [0 1 1 1 1 2 1 1 1 1 1 1 1 1 2 1 1 1 1 1 1 1 1 1 2 0]  [0 0 1 2 1 1 2 1 2 1 1 1 1 1 1 1 1 1 2 1 1 1 1 1 0 0]  [0 0 2 1 1 1 1 1 1 1 1 1 1 1 1 1 1 1 2 1 1 2 1 1 0 0]  [0 0 0 1 2 2 2 1 1 1 1 1 1 1 1 1 1 1 2 2 1 2 2 0 0 0]  [0 0 0 0 1 1 1 2 2 1 1 1 2 1 1 1 1 1 1 1 1 2 0 0 0 0]  [0 0 0 0 0 2 1 1 1 2 1 2 1 1 2 1 2 1 1 1 0 0 0 0 0 0]  [0 0 0 0 0 0 0 2 1 1 1 1 1 2 1 2 1 1 2 0 0 0 0 0 0 0]  [0 0 0 0 0 0 0 0 0 0 2 1 1 1 2 1 0 0 0 0 0 0 0 0 0 0]],533.0,lot40328,19.0
[[0 0 0 0 0 0 0 0 0 0 2 1 2 1 2 2 0 0 0 0 0 0 0 0 0 0]  [0 0 0 0 0 0 0 2 1 1 1 1 1 1 1 1 1 1 1 0 0 0 0 0 0 0]  [0 0 0 0 0 0 2 1 1 1 2 1 1 1 1 1 1 1 2 1 0 0 0 0 0 0]  [0 0 0 0 1 1 1 1 1 1 1 1 1 1 1 1 1 1 1 1 1 1 0 0 0 0]  [0 0 0 1 1 1 1 1 1 2 1 1 1 1 1 1 1 1 1 1 1 1 2 0 0 0]  [0 0 2 1 1 1 1 1 1 1 2 1 1 1 1 1 2 1 1 1 1 2 1 2 0 0]  [0 0 1 1 1 1 1 2 1 2 1 1 1 2 1 1 1 1 1 1 1 1 1 1 0 0]  [0 1 1 1 1 2 1 1 2 1 1 1 1 1 1 1 1 1 1 1 1 1 2 2 1 0]  [0 1 1 1 1 2 2 1 2 1 1 1 1 1 1 1 1 2 1 1 1 1 1 1 2 0]  [2 1 1 1 1 1 1 1 1 1 2 1 1 1 2 1 1 1 2 1 1 1 1 1 1 2]  [1 1 1 1 1 1 2 2 1 1 1 1 1 1 1 1 1 1 2 2 1 1 1 1 1 1]  [1 1 1 1 1 1 2 1 1 1 1 1 1 2 1 1 1 1 1 1 1 2 1 1 1 1]  [1 1 1 1 1 1 1 1 1 1 1 1 1 2 1 1 1 1 1 1 1 1 2 1 1 1]  [2 2 2 1 1 1 1 1 1 1 1 1 1 1 1 1 1 1 1 1 1 1 1 1 1 2]  [2 1 1 1 1 1 1 1 2 1 1 2 1 1 1 1 2 1 1 1 1 1 1 1 1 1]  [2 1 2 1 1 1 1 1 1 1 2 1 1 1 1 1 1 1 1 1 1 1 1 1 1 1]  [2 1 1 1 1 1 1 1 1 1 1 1 1 1 1 1 1 1 1 1 2 1 1 1 2 1]  [0 1 1 1 1 1 1 1 1 1 1 1 1 2 1 2 1 1 1 1 1 1 2 1 1 0]  [0 2 1 1 1 1 1 1 1 1 1 1 1 1 1 1 1 2 1 1 1 1 1 1 2 0]  [0 0 1 1 1 1 1 1 1 1 1 1 1 1 1 1 1 1 1 1 1 1 1 1 0 0]  [0 0 2 1 1 1 1 1 1 1 1 1 1 1 1 1 1 2 1 2 1 1 2 1 0 0]  [0 0 0 2 1 1 2 1 1 1 1 2 1 1 1 1 1 1 2 1 2 1 2 0 0 0]  [0 0 0 0 2 1 1 1 1 1 1 1 1 1 1 1 1 1 1 1 2 1 0 0 0 0]  [0 0 0 0 0 1 1 2 1 1 1 2 1 1 1 1 1 1 1 1 0 0 0 0 0 0]  [0 0 0 0 0 0 0 1 1 1 1 1 1 1 1 1 1 2 2 0 0 0 0 0 0 0]  [0 0 0 0 0 0 0 0 0 0 2 2 1 1 1 2 0 0 0 0 0 0 0 0 0 0]],533.0,lot40328,20.0
[[0 0 0 0 0 0 0 0 0 0 2 1 2 1 1 1 0 0 0 0 0 0 0 0 0 0]  [0 0 0 0 0 0 0 2 2 1 1 1 1 1 1 1 2 1 1 0 0 0 0 0 0 0]  [0 0 0 0 0 0 1 2 1 1 1 1 1 1 1 1 1 1 1 2 0 0 0 0 0 0]  [0 0 0 0 1 1 1 1 1 1 2 2 1 1 1 1 1 1 2 1 1 2 0 0 0 0]  [0 0 0 1 2 1 1 1 1 1 1 1 1 1 1 1 1 1 1 1 1 1 2 0 0 0]  [0 0 2 1 2 1 1 1 1 1 1 1 1 1 1 1 1 2 1 1 1 1 1 1 0 0]  [0 0 2 1 1 1 1 1 1 1 1 1 1 1 1 1 1 1 1 1 1 1 2 2 0 0]  [0 1 1 1 1 1 1 1 1 1 1 2 2 2 2 1 1 2 1 2 1 1 1 1 2 0]  [0 1 1 1 1 1 1 1 1 1 1 2 1 1 1 2 1 1 2 1 1 1 2 1 1 0]  [2 1 1 1 1 1 2 1 1 1 1 2 1 1 1 2 1 2 1 1 1 1 1 1 1 1]  [1 1 1 1 1 1 1 1 1 2 2 1 1 2 1 2 1 2 2 1 2 1 1 1 1 2]  [1 1 1 1 1 1 1 2 1 2 1 2 1 2 1 1 2 1 1 1 1 1 1 1 1 1]  [2 2 2 1 1 1 1 1 1 1 2 2 1 2 1 1 1 1 1 1 1 1 1 1 1 1]  [1 1 1 1 1 1 1 2 2 2 2 2 2 1 2 1 1 1 1 1 2 1 1 1 1 1]  [2 1 1 2 1 1 1 1 1 1 2 1 2 1 2 1 1 1 2 1 1 2 2 2 2 1]  [2 2 1 1 1 1 1 1 1 1 1 1 2 1 2 1 1 2 1 2 1 1 2 1 1 2]  [2 2 1 1 2 1 2 1 1 1 1 1 1 1 1 1 1 1 1 1 1 1 1 1 1 1]  [0 1 1 1 1 1 1 1 1 1 1 1 1 1 1 1 1 1 1 2 1 2 1 1 2 0]  [0 1 1 1 1 1 1 2 1 1 1 1 1 2 1 1 1 2 1 1 2 1 1 1 2 0]  [0 0 1 1 1 1 1 1 2 1 2 1 2 1 1 1 1 1 1 1 1 1 1 1 0 0]  [0 0 2 1 1 1 1 1 2 1 1 1 1 1 2 1 1 1 1 1 1 2 2 2 0 0]  [0 0 0 2 1 1 1 1 1 1 1 1 1 1 1 2 1 1 2 1 1 2 1 0 0 0]  [0 0 0 0 2 2 1 2 1 1 1 2 1 1 1 1 1 1 1 1 2 2 0 0 0 0]  [0 0 0 0 0 1 1 1 2 2 1 1 1 1 2 2 1 2 1 1 0 0 0 0 0 0]  [0 0 0 0 0 0 0 1 1 2 1 1 1 1 1 2 2 1 2 0 0 0 0 0 0 0]  [0 0 0 0 0 0 0 0 0 0 2 1 2 2 2 2 0 0 0 0 0 0 0 0 0 0]],533.0,lot40328,21.0
[[0 0 0 0 0 0 0 0 0 0 2 2 1 1 1 2 0 0 0 0 0 0 0 0 0 0]  [0 0 0 0 0 0 0 2 1 2 1 2 1 1 1 1 1 2 2 0 0 0 0 0 0 0]  [0 0 0 0 0 0 1 1 1 1 1 1 1 1 2 2 1 2 1 2 0 0 0 0 0 0]  [0 0 0 0 1 2 2 2 1 1 2 1 1 1 1 1 1 1 1 1 1 1 0 0 0 0]  [0 0 0 1 1 1 1 1 1 1 1 1 1 1 1 1 1 1 1 1 1 1 2 0 0 0]  [0 0 1 1 1 1 1 1 1 1 2 1 1 1 1 1 1 1 1 1 1 2 1 2 0 0]  [0 0 2 2 1 1 1 1 1 1 1 1 1 1 1 1 1 1 1 1 2 1 1 2 0 0]  [0 2 1 1 1 1 2 1 1 1 1 1 1 1 1 2 1 1 1 1 1 1 2 1 1 0]  [0 1 2 1 1 1 1 1 1 1 1 1 2 2 1 2 1 1 1 1 1 2 1 1 1 0]  [1 1 1 1 1 1 1 1 1 1 1 1 2 1 1 1 1 2 2 1 2 2 2 1 2 1]  [2 1 1 1 1 1 1 2 1 1 1 1 1 1 1 1 1 1 1 1 1 1 1 2 1 1]  [1 1 1 1 1 1 1 1 1 1 1 2 2 1 1 1 1 1 1 1 2 1 1 1 1 1]  [2 1 2 1 1 1 1 1 1 1 1 2 2 2 2 1 1 1 2 1 1 1 1 1 2 1]  [2 1 1 1 1 1 1 1 1 2 1 1 1 1 1 1 1 2 1 1 1 2 1 1 1 1]  [2 1 1 1 1 1 1 1 1 1 1 1 1 1 1 2 1 1 2 1 1 1 1 2 1 1]  [1 2 1 1 1 1 2 1 1 1 1 1 1 1 1 2 1 1 1 1 1 1 2 1 1 1]  [1 2 1 1 1 1 1 1 1 1 1 1 1 1 1 1 1 1 1 1 1 1 1 1 1 1]  [0 1 1 1 1 2 1 1 1 1 1 1 2 1 2 2 1 1 1 1 1 1 1 1 1 0]  [0 2 1 2 1 1 2 1 1 1 1 2 2 1 1 1 1 2 2 1 1 2 1 1 1 0]  [0 0 1 1 1 1 2 1 2 1 1 1 1 1 1 1 1 1 1 1 1 1 2 2 0 0]  [0 0 2 1 2 2 1 1 1 1 1 1 1 1 1 1 1 1 1 1 1 1 1 2 0 0]  [0 0 0 2 2 1 2 1 2 1 1 2 1 1 1 1 1 1 1 1 1 1 1 0 0 0]  [0 0 0 0 1 1 1 1 1 1 1 2 1 2 1 1 2 1 1 1 1 1 0 0 0 0]  [0 0 0 0 0 2 2 1 2 2 1 1 1 1 1 1 1 1 1 2 0 0 0 0 0 0]  [0 0 0 0 0 0 0 1 2 2 1 1 1 1 1 1 1 1 2 0 0 0 0 0 0 0]  [0 0 0 0 0 0 0 0 0 0 2 1 1 1 1 1 0 0 0 0 0 0 0 0 0 0]],533.0,lot40328,22.0
[[0 0 0 0 0 0 0 0 0 0 2 2 1 1 2 2 0 0 0 0 0 0 0 0 0 0]  [0 0 0 0 0 0 0 1 2 1 1 2 2 2 1 1 1 1 2 0 0 0 0 0 0 0]  [0 0 0 0 0 0 1 2 1 1 1 2 2 2 1 1 1 1 1 1 0 0 0 0 0 0]  [0 0 0 0 1 1 1 1 2 1 1 1 2 1 1 1 1 1 2 2 1 2 0 0 0 0]  [0 0 0 2 1 1 1 1 1 1 1 1 1 1 1 1 1 1 1 1 1 1 2 0 0 0]  [0 0 1 1 1 1 2 1 1 1 1 1 1 1 1 1 1 1 1 2 1 1 1 1 0 0]  [0 0 2 1 1 1 1 2 1 1 1 1 2 1 1 1 1 1 1 1 1 1 1 1 0 0]  [0 1 2 2 1 1 1 1 1 1 1 2 1 1 1 1 1 1 2 2 1 1 1 1 1 0]  [0 2 1 1 2 2 1 1 2 2 1 1 1 1 1 1 2 1 1 1 1 1 1 1 1 0]  [1 1 1 1 1 1 1 1 1 1 1 1 2 1 1 1 1 1 2 1 1 1 1 1 2 2]  [1 1 2 1 1 1 1 1 1 1 1 2 1 1 1 1 2 1 1 1 1 2 1 1 1 1]  [1 2 1 1 1 1 1 2 1 1 1 1 1 1 2 2 1 1 1 1 1 1 1 1 1 1]  [2 1 1 1 2 1 1 1 1 1 1 1 1 1 1 1 2 2 1 1 1 1 1 1 1 1]  [1 1 1 1 1 1 1 1 1 1 1 2 2 1 2 1 1 1 2 2 1 1 1 1 1 1]  [1 1 1 2 1 1 1 1 2 1 2 1 1 1 2 1 1 1 1 1 1 1 1 1 2 2]  [1 1 1 1 1 1 1 1 1 1 1 2 2 1 1 1 1 1 1 2 1 1 1 1 1 1]  [1 1 1 2 1 1 1 1 1 1 1 1 1 2 1 1 1 1 2 1 1 1 2 1 2 2]  [0 1 1 1 1 1 1 1 1 1 1 1 1 2 1 1 2 1 1 1 1 2 1 1 2 0]  [0 1 1 1 1 1 1 1 1 1 1 1 1 2 1 1 1 1 1 1 1 1 1 1 1 0]  [0 0 1 1 1 1 1 1 2 1 1 1 1 1 1 1 1 1 1 1 2 1 1 1 0 0]  [0 0 2 1 1 1 1 1 1 1 1 1 1 2 1 1 1 1 1 1 1 1 2 2 0 0]  [0 0 0 2 1 1 1 1 2 1 1 2 1 1 1 1 1 1 1 1 1 2 2 0 0 0]  [0 0 0 0 2 2 1 1 2 1 2 1 1 1 1 2 1 1 2 1 2 2 0 0 0 0]  [0 0 0 0 0 1 1 1 1 1 1 1 1 1 1 2 2 2 1 2 0 0 0 0 0 0]  [0 0 0 0 0 0 0 2 2 1 2 2 1 1 2 1 2 2 2 0 0 0 0 0 0 0]  [0 0 0 0 0 0 0 0 0 0 2 2 1 1 1 2 0 0 0 0 0 0 0 0 0 0]],533.0,lot40328,23.0
[[0 0 0 0 0 0 0 0 0 0 2 2 1 1 2 2 0 0 0 0 0 0 0 0 0 0]  [0 0 0 0 0 0 0 1 1 1 1 1 1 1 1 1 2 2 1 0 0 0 0 0 0 0]  [0 0 0 0 0 0 1 1 1 1 2 2 1 1 1 1 1 1 1 2 0 0 0 0 0 0]  [0 0 0 0 1 1 1 1 1 1 1 1 1 2 1 1 1 1 1 1 2 1 0 0 0 0]  [0 0 0 1 1 1 1 1 1 1 1 1 1 1 1 1 1 1 1 1 1 1 1 0 0 0]  [0 0 1 1 1 1 1 1 1 1 2 1 1 1 1 1 1 1 1 1 1 2 1 2 0 0]  [0 0 2 1 1 1 1 2 1 2 1 1 1 1 1 1 1 1 2 2 1 1 1 1 0 0]  [0 1 1 1 1 1 1 1 1 1 1 1 1 2 2 1 1 1 1 2 1 2 1 1 1 0]  [0 1 1 1 1 1 2 1 1 2 1 1 1 2 1 1 1 1 1 1 1 1 1 1 2 0]  [1 1 1 1 1 1 1 1 1 1 1 1 2 1 1 1 1 1 1 1 1 1 1 1 1 1]  [1 1 1 1 1 1 1 1 2 1 1 1 2 1 1 1 1 1 1 2 1 1 2 1 1 2]  [1 1 1 1 2 1 1 1 1 1 1 2 1 2 1 1 1 1 1 1 1 1 1 1 1 1]  [1 1 1 2 1 1 1 1 1 1 1 1 1 1 1 1 1 1 1 1 1 1 1 1 1 1]  [1 1 1 2 2 1 1 1 2 1 1 2 1 1 2 1 1 1 1 1 1 1 1 1 1 1]  [2 1 1 1 1 1 1 1 1 1 2 1 1 1 2 1 2 1 1 1 1 1 2 1 1 1]  [1 1 1 1 1 2 1 1 1 1 1 1 1 1 1 1 1 1 1 1 1 1 1 1 1 1]  [1 1 2 2 1 2 1 1 1 1 1 1 1 1 1 1 1 1 1 1 2 1 1 1 1 2]  [0 2 1 1 1 1 1 1 1 1 1 1 1 1 1 2 1 1 1 1 1 1 1 1 1 0]  [0 2 1 1 1 1 1 1 1 1 1 2 1 2 2 2 1 2 1 1 1 1 1 1 1 0]  [0 0 2 1 1 1 1 1 1 1 1 1 1 1 1 1 2 1 2 1 2 1 1 1 0 0]  [0 0 2 1 2 1 1 1 1 1 2 1 1 1 1 1 1 1 1 1 1 1 1 1 0 0]  [0 0 0 1 2 1 1 1 1 1 1 1 1 1 1 1 1 1 2 1 1 2 1 0 0 0]  [0 0 0 0 1 1 1 1 1 1 1 1 2 1 1 1 1 1 2 1 2 1 0 0 0 0]  [0 0 0 0 0 2 1 2 1 2 1 1 1 1 1 1 2 1 1 1 0 0 0 0 0 0]  [0 0 0 0 0 0 0 2 2 2 2 1 2 1 1 1 1 1 2 0 0 0 0 0 0 0]  [0 0 0 0 0 0 0 0 0 0 1 2 1 1 2 1 0 0 0 0 0 0 0 0 0 0]],533.0,lot40328,24.0
[[0 0 0 0 0 0 0 0 0 0 2 2 2 1 1 2 0 0 0 0 0 0 0 0 0 0]  [0 0 0 0 0 0 0 2 1 1 1 1 2 1 2 1 2 1 2 0 0 0 0 0 0 0]  [0 0 0 0 0 0 2 1 1 2 2 1 1 2 1 1 1 1 1 1 0 0 0 0 0 0]  [0 0 0 0 1 2 1 1 1 1 1 1 1 1 2 1 1 1 2 1 2 1 0 0 0 0]  [0 0 0 1 2 1 2 1 1 1 2 2 1 1 1 2 1 1 1 1 1 2 2 0 0 0]  [0 0 1 1 1 2 2 1 1 1 1 2 1 2 1 1 1 1 2 1 2 1 1 1 0 0]  [0 0 2 1 1 1 1 1 1 2 1 1 1 1 1 1 1 1 1 1 1 1 1 1 0 0]  [0 2 1 1 1 2 1 1 1 1 1 2 1 1 1 1 1 1 1 1 1 1 1 1 2 0]  [0 1 1 1 1 2 1 1 1 1 2 1 1 1 2 1 1 1 1 1 1 1 1 1 1 0]  [1 1 1 1 2 1 1 1 1 1 1 1 1 1 1 1 1 1 1 1 1 1 1 1 2 2]  [1 1 1 1 1 1 1 1 1 1 1 1 1 2 1 1 1 1 1 2 1 1 1 1 1 1]  [1 2 1 1 1 1 1 1 1 1 1 2 1 2 1 2 1 2 1 1 1 2 1 1 1 2]  [1 1 2 1 1 1 1 1 1 1 1 2 2 1 1 1 1 1 2 1 1 1 1 1 1 2]  [1 1 1 2 1 1 2 1 2 1 1 1 2 1 1 1 1 1 1 1 1 1 1 1 1 1]  [1 1 2 1 1 1 2 1 1 1 1 1 2 1 1 1 1 1 1 1 2 1 1 1 2 1]  [1 1 1 1 1 1 1 1 1 1 1 1 1 1 1 1 2 1 1 1 1 1 1 1 1 2]  [2 1 1 1 1 1 1 1 1 1 2 1 1 1 1 1 1 1 1 2 1 2 1 1 2 1]  [0 1 1 1 1 1 1 1 1 1 1 1 1 1 1 1 1 1 1 1 1 1 1 1 1 0]  [0 1 1 2 1 1 1 1 1 2 1 1 1 1 1 1 2 1 1 1 1 1 1 1 1 0]  [0 0 1 1 1 2 1 1 1 1 1 1 1 1 1 1 1 1 1 1 1 1 1 1 0 0]  [0 0 2 1 1 2 1 1 2 1 1 1 2 1 1 1 2 1 1 2 1 1 2 2 0 0]  [0 0 0 2 1 1 1 2 1 2 1 1 1 1 1 1 1 1 1 2 1 1 1 0 0 0]  [0 0 0 0 2 2 2 2 1 1 1 2 1 1 1 1 1 1 1 2 1 2 0 0 0 0]  [0 0 0 0 0 2 1 1 1 1 1 1 2 1 1 1 1 1 2 1 0 0 0 0 0 0]  [0 0 0 0 0 0 0 2 1 1 1 1 2 1 1 2 1 2 2 0 0 0 0 0 0 0]  [0 0 0 0 0 0 0 0 0 0 2 1 1 2 2 2 0 0 0 0 0 0 0 0 0 0]],533.0,lot40328,25.0
[[0 0 0 0 0 0 0 0 0 0 1 2 2 1 1 1 0 0 0 0 0 0 0 0 0 0]  [0 0 0 0 0 0 0 1 2 2 1 1 1 2 2 2 1 1 1 0 0 0 0 0 0 0]  [0 0 0 0 0 0 1 1 1 1 2 1 2 1 1 2 1 1 2 2 0 0 0 0 0 0]  [0 0 0 0 2 1 1 2 1 1 1 1 1 2 2 1 2 1 1 2 1 1 0 0 0 0]  [0 0 0 2 1 1 1 1 1 2 2 1 1 1 2 1 1 1 1 1 1 1 2 0 0 0]  [0 0 1 1 1 1 1 2 1 2 2 1 1 1 1 1 1 1 1 1 1 2 1 2 0 0]  [0 0 1 1 1 2 1 1 1 1 2 1 2 1 1 1 1 1 1 1 1 1 1 1 0 0]  [0 1 1 1 1 2 1 1 1 1 1 1 2 1 1 1 1 1 1 1 1 1 2 1 1 0]  [0 1 1 2 1 1 1 1 1 1 1 1 1 1 1 1 1 1 1 1 1 1 1 1 1 0]  [1 1 1 1 1 1 1 1 2 1 1 1 1 1 1 1 1 1 1 1 1 1 1 1 1 2]  [1 1 1 1 1 1 1 1 1 1 1 1 1 1 1 1 2 1 1 2 1 1 1 1 2 2]  [2 2 1 1 1 2 2 1 2 1 1 1 1 2 2 1 2 1 1 1 1 1 1 1 1 1]  [1 2 1 1 1 1 1 1 1 1 1 1 1 1 1 1 1 1 1 1 1 1 1 1 1 1]  [1 1 2 1 1 1 2 1 1 2 1 1 2 1 1 1 1 1 1 1 1 1 1 1 1 1]  [1 1 2 1 1 1 1 2 1 1 1 2 1 2 2 2 1 1 2 1 1 1 1 1 2 1]  [1 1 1 1 1 1 1 1 1 2 2 1 1 1 1 1 1 2 1 2 2 2 1 1 1 2]  [2 1 1 1 1 1 1 1 2 2 1 1 1 1 1 1 1 1 1 1 1 1 1 1 1 1]  [0 1 1 1 1 1 1 1 1 2 1 1 1 2 1 1 1 1 1 1 1 1 1 1 1 0]  [0 1 2 1 1 1 1 1 1 1 1 1 2 1 2 1 1 1 1 1 1 2 1 1 1 0]  [0 0 1 1 1 2 2 1 2 1 1 1 2 1 1 2 1 2 1 1 2 1 1 1 0 0]  [0 0 1 1 1 1 1 1 1 1 1 1 1 2 2 1 1 1 1 1 1 1 1 1 0 0]  [0 0 0 2 2 1 1 1 2 1 1 1 1 1 2 2 1 1 1 1 1 1 1 0 0 0]  [0 0 0 0 1 1 1 1 1 1 1 1 1 1 2 1 2 1 1 1 1 1 0 0 0 0]  [0 0 0 0 0 1 1 2 1 1 1 1 1 2 1 1 1 1 1 1 0 0 0 0 0 0]  [0 0 0 0 0 0 0 1 1 1 1 1 2 1 1 1 1 1 1 0 0 0 0 0 0 0]  [0 0 0 0 0 0 0 0 0 0 2 1 1 2 1 1 0 0 0 0 0 0 0 0 0 0]],533.0,lot40329,2.0
[[0 0 0 0 0 0 0 0 0 0 2 1 1 2 2 1 0 0 0 0 0 0 0 0 0 0]  [0 0 0 0 0 0 0 1 2 2 1 1 2 1 2 1 1 1 2 0 0 0 0 0 0 0]  [0 0 0 0 0 0 2 1 1 1 1 1 1 1 1 1 2 1 2 1 0 0 0 0 0 0]  [0 0 0 0 1 2 1 1 1 1 1 1 1 1 1 1 1 1 1 1 1 1 0 0 0 0]  [0 0 0 2 1 1 1 1 1 1 1 1 1 1 1 1 2 1 2 1 1 1 1 0 0 0]  [0 0 1 1 1 1 1 1 2 1 1 1 1 1 1 1 1 1 1 1 1 1 1 1 0 0]  [0 0 1 1 1 1 1 1 1 2 1 1 1 1 1 1 1 1 1 1 1 2 1 1 0 0]  [0 1 1 1 1 1 1 1 2 1 2 1 2 1 1 1 2 1 1 1 1 1 1 1 1 0]  [0 2 1 1 1 1 1 1 1 1 1 1 1 2 1 1 1 1 2 1 1 1 1 1 1 0]  [1 1 2 1 2 1 1 1 1 1 1 1 1 2 1 1 1 1 1 1 1 1 1 1 1 1]  [1 1 1 1 1 1 1 1 1 2 1 1 1 1 1 1 1 1 1 2 1 1 1 1 1 1]  [1 2 1 1 2 1 1 1 1 1 1 2 1 1 1 1 1 1 1 1 1 1 1 1 1 1]  [2 2 1 1 1 1 1 2 1 1 1 1 1 1 1 1 1 1 1 1 1 1 1 1 1 1]  [1 2 1 1 1 1 2 1 2 1 1 2 2 2 1 1 1 1 1 1 1 1 1 1 1 1]  [1 1 2 1 1 1 1 1 2 2 2 1 1 1 2 1 1 1 1 1 1 1 1 1 1 1]  [1 1 1 2 2 1 1 1 1 1 1 1 1 1 2 1 2 1 1 1 2 1 1 1 1 1]  [1 1 1 1 1 1 1 2 2 1 2 1 1 1 1 1 1 1 1 1 1 1 1 1 1 2]  [0 1 1 1 1 1 1 1 1 1 1 1 1 1 1 1 1 1 1 1 1 1 1 1 1 0]  [0 1 1 1 1 1 1 1 1 1 1 1 1 1 1 1 1 2 1 1 1 1 1 2 1 0]  [0 0 1 1 2 1 1 1 1 1 1 1 1 1 1 1 1 1 1 1 1 2 1 2 0 0]  [0 0 1 1 1 1 1 1 1 1 1 1 1 1 1 1 1 1 1 1 2 1 2 1 0 0]  [0 0 0 2 1 1 1 1 2 1 1 1 1 1 2 1 1 2 1 1 1 1 1 0 0 0]  [0 0 0 0 2 1 1 1 1 2 1 1 1 1 1 1 1 2 1 1 2 1 0 0 0 0]  [0 0 0 0 0 2 1 1 1 2 1 1 1 1 1 2 1 1 1 1 0 0 0 0 0 0]  [0 0 0 0 0 0 0 1 2 1 2 1 1 1 1 1 1 1 2 0 0 0 0 0 0 0]  [0 0 0 0 0 0 0 0 0 0 1 1 1 1 2 2 0 0 0 0 0 0 0 0 0 0]],533.0,lot40329,3.0
[[0 0 0 0 0 0 0 0 0 0 2 2 1 1 1 2 0 0 0 0 0 0 0 0 0 0]  [0 0 0 0 0 0 0 2 2 1 1 1 1 1 1 1 1 1 1 0 0 0 0 0 0 0]  [0 0 0 0 0 0 1 1 1 1 1 1 1 1 1 2 1 1 1 1 0 0 0 0 0 0]  [0 0 0 0 1 1 2 1 1 2 1 1 1 1 1 1 1 1 1 1 1 1 0 0 0 0]  [0 0 0 1 1 1 1 1 1 1 1 2 2 1 1 1 1 1 2 1 1 1 2 0 0 0]  [0 0 1 1 1 2 2 1 1 1 1 1 1 1 1 1 1 2 1 1 2 2 1 1 0 0]  [0 0 1 1 1 1 1 1 1 1 2 1 1 2 1 1 1 1 1 1 1 1 1 1 0 0]  [0 2 1 1 1 1 1 1 2 1 1 2 1 1 1 1 1 2 1 1 1 2 1 1 1 0]  [0 1 1 1 1 1 1 1 1 1 2 1 1 1 1 1 1 1 1 1 1 1 1 1 1 0]  [2 1 1 1 1 1 1 1 1 1 1 1 1 1 1 2 1 1 1 1 1 1 1 1 1 1]  [1 1 1 1 1 1 1 1 1 1 1 1 1 1 1 1 1 1 1 1 1 1 1 1 1 1]  [1 1 2 1 1 1 1 2 1 1 1 1 1 1 1 1 1 1 1 1 1 2 1 1 1 1]  [1 1 1 1 1 1 1 1 1 1 1 2 1 1 1 1 1 1 1 1 1 1 1 2 1 1]  [1 1 1 1 1 1 1 2 2 1 1 1 2 1 2 1 1 1 1 1 1 1 1 1 1 1]  [1 1 1 1 1 1 1 1 2 1 1 1 2 1 1 1 1 1 1 1 1 1 1 2 1 1]  [1 1 1 1 1 1 1 2 1 1 1 1 1 2 1 1 1 1 1 1 1 1 1 1 2 1]  [1 1 1 2 1 2 1 1 2 1 1 1 1 1 1 1 1 1 1 1 1 1 1 2 1 1]  [0 2 2 1 1 1 1 1 1 1 1 1 1 1 1 1 1 1 1 1 1 1 1 1 1 0]  [0 1 1 1 1 1 2 1 1 1 1 1 1 1 1 1 1 2 1 1 1 1 2 1 1 0]  [0 0 1 1 1 1 1 1 1 1 1 1 1 1 1 2 1 1 1 1 1 1 2 2 0 0]  [0 0 2 2 1 1 1 1 1 1 1 1 1 1 1 1 1 1 1 1 1 1 1 2 0 0]  [0 0 0 2 1 1 1 2 1 1 2 2 1 1 1 1 1 1 2 1 1 1 2 0 0 0]  [0 0 0 0 2 1 2 2 1 1 1 1 1 1 1 1 1 1 1 1 1 1 0 0 0 0]  [0 0 0 0 0 1 1 1 1 1 1 2 1 1 1 1 1 1 1 2 0 0 0 0 0 0]  [0 0 0 0 0 0 0 1 1 1 1 1 1 1 1 1 1 2 2 0 0 0 0 0 0 0]  [0 0 0 0 0 0 0 0 0 0 1 2 1 2 1 1 0 0 0 0 0 0 0 0 0 0]],533.0,lot40329,4.0
[[0 0 0 0 0 0 0 0 0 0 2 2 2 1 2 2 0 0 0 0 0 0 0 0 0 0]  [0 0 0 0 0 0 0 1 1 1 1 1 1 1 2 1 1 1 1 0 0 0 0 0 0 0]  [0 0 0 0 0 0 2 1 1 1 1 1 1 1 1 1 1 2 1 1 0 0 0 0 0 0]  [0 0 0 0 1 1 2 1 2 1 1 1 1 1 1 1 1 2 1 1 1 1 0 0 0 0]  [0 0 0 1 1 1 1 1 1 1 1 2 2 1 1 2 1 1 1 1 1 2 2 0 0 0]  [0 0 1 1 2 1 1 1 1 1 1 1 1 1 1 1 2 1 2 1 1 1 1 2 0 0]  [0 0 1 1 1 1 1 1 1 1 1 1 1 1 1 1 1 2 1 1 1 1 2 1 0 0]  [0 1 1 1 2 1 1 1 1 2 1 2 1 1 1 1 1 2 1 1 1 1 1 1 1 0]  [0 1 1 1 1 2 1 2 1 1 1 1 1 1 1 2 1 2 1 1 1 1 1 1 1 0]  [2 1 1 2 1 1 1 1 1 1 1 2 1 1 1 1 1 2 2 1 2 1 1 1 1 1]  [1 1 1 1 1 1 1 1 1 1 1 1 2 2 1 1 1 1 2 2 1 1 1 1 1 2]  [1 2 1 1 2 1 1 1 1 1 1 1 1 1 1 1 1 1 1 1 1 1 1 1 1 1]  [2 2 2 1 1 1 1 2 1 1 1 1 2 1 2 1 1 1 1 1 1 2 1 1 1 1]  [2 1 1 1 1 2 1 1 2 1 1 2 2 1 1 1 1 1 1 1 1 1 1 1 2 1]  [1 1 1 1 1 1 1 1 1 1 1 1 2 1 2 1 1 1 1 1 1 1 1 1 2 2]  [2 1 1 1 1 1 1 1 1 1 1 1 1 1 1 2 1 1 1 1 1 1 1 1 1 1]  [2 1 1 1 1 1 1 1 1 1 1 2 2 2 1 1 1 1 1 1 1 1 1 2 2 2]  [0 1 1 1 1 1 1 1 2 1 1 1 1 1 1 1 1 1 1 1 1 1 1 2 1 0]  [0 1 1 1 1 1 1 1 1 1 1 1 1 1 1 1 1 1 2 1 1 1 1 2 2 0]  [0 0 2 1 1 1 1 1 1 1 1 1 1 1 1 1 1 2 1 1 1 1 1 1 0 0]  [0 0 1 1 1 2 1 1 1 2 1 1 1 1 1 1 1 1 1 1 1 1 1 2 0 0]  [0 0 0 1 1 1 1 1 2 1 2 1 1 1 1 1 1 1 1 2 1 1 2 0 0 0]  [0 0 0 0 1 1 1 1 2 1 2 1 2 1 1 1 1 1 1 1 1 2 0 0 0 0]  [0 0 0 0 0 1 1 1 1 1 1 1 1 1 1 1 2 1 2 1 0 0 0 0 0 0]  [0 0 0 0 0 0 0 1 1 1 2 1 1 1 1 1 1 1 1 0 0 0 0 0 0 0]  [0 0 0 0 0 0 0 0 0 0 1 2 1 2 1 1 0 0 0 0 0 0 0 0 0 0]],533.0,lot40329,5.0
[[0 0 0 0 0 0 0 0 0 0 2 1 2 2 1 1 0 0 0 0 0 0 0 0 0 0]  [0 0 0 0 0 0 0 1 2 2 2 2 1 2 1 1 1 1 1 0 0 0 0 0 0 0]  [0 0 0 0 0 0 1 1 1 2 2 1 1 2 1 1 1 2 2 1 0 0 0 0 0 0]  [0 0 0 0 1 1 1 2 1 2 1 1 1 1 1 1 2 2 2 1 1 2 0 0 0 0]  [0 0 0 1 1 1 1 1 1 2 1 2 1 1 1 2 1 2 2 2 1 2 2 0 0 0]  [0 0 2 2 1 1 1 1 2 2 1 1 1 1 1 1 1 1 1 2 1 1 2 2 0 0]  [0 0 1 2 1 1 1 1 1 1 1 1 1 1 1 2 1 1 1 1 1 1 1 1 0 0]  [0 2 1 1 1 1 1 1 1 1 1 2 1 1 1 2 2 1 1 1 2 1 1 1 1 0]  [0 2 1 1 1 1 1 1 1 2 1 1 2 1 1 1 1 2 1 1 1 1 1 2 2 0]  [1 1 1 1 1 1 1 2 2 1 1 1 2 2 1 2 2 2 1 1 1 1 1 1 1 1]  [1 1 1 2 1 1 1 1 2 1 2 1 2 1 1 1 1 2 1 1 1 1 1 1 1 1]  [1 1 1 1 1 1 1 1 1 1 1 1 1 2 2 1 1 1 1 1 1 2 1 1 1 2]  [1 1 1 1 2 1 1 2 1 1 1 2 2 2 1 2 1 1 1 2 2 1 1 1 1 1]  [1 1 1 1 1 1 1 1 1 2 2 1 2 1 1 1 1 1 1 1 1 1 2 1 1 1]  [1 1 1 1 2 1 1 1 1 2 2 2 1 2 2 1 1 1 1 1 1 1 2 2 1 2]  [1 1 1 1 1 1 1 1 1 1 1 2 1 2 2 1 2 1 1 2 1 1 1 1 1 2]  [1 1 1 1 1 1 1 1 1 1 2 1 2 2 1 1 2 1 2 1 1 1 2 1 1 2]  [0 1 1 2 1 1 1 1 1 1 2 1 2 1 2 2 1 2 1 1 2 1 2 1 1 0]  [0 2 1 1 1 1 1 1 1 2 2 2 2 2 2 2 1 2 2 1 1 1 1 1 2 0]  [0 0 1 1 1 1 1 1 1 1 1 1 1 1 1 1 1 2 1 2 1 1 1 1 0 0]  [0 0 2 1 1 1 1 1 1 1 1 1 2 1 1 1 1 1 1 1 1 1 1 1 0 0]  [0 0 0 1 1 1 1 1 1 1 1 1 1 1 1 2 1 1 2 2 2 1 2 0 0 0]  [0 0 0 0 2 2 2 2 2 1 2 1 1 1 2 2 1 1 2 1 1 1 0 0 0 0]  [0 0 0 0 0 2 2 2 1 1 1 2 1 2 2 1 1 1 2 1 0 0 0 0 0 0]  [0 0 0 0 0 0 0 2 2 1 2 1 1 1 1 1 2 1 2 0 0 0 0 0 0 0]  [0 0 0 0 0 0 0 0 0 0 1 2 2 1 1 2 0 0 0 0 0 0 0 0 0 0]],533.0,lot40329,6.0
